Adventures of Barry Ween, Boy Genius, The
Batman & Spider-Man: New Age Dawning
Raw
The Big Book Of
Life with Archie
Thor: Vikings
Sienna
WildC.A.T.s/Aliens
The Adventures of Dog Mendonça & Pizzaboy
Western
The Thanos Quest
American Virgin
Cinder and Ashe
Blackburne Covenant, The
Marvel Age
Avengers: The Initiative
Detective Comics
Batman: Holy Terror
Adventure Comics
Magenta, Light
Buffy the Vampire Slayer
Donald Duck Adventures
MIND MGMT
.
1
Uber
Avengers Infinity
Fifty Who Made DC Great
PeachPuff
5
Alan Moore's Hypothetical Lizard
American Splendor
Human Target
Red Prophet: The Tales of Alvin Maker
A
Green Arrow: Year One
Blue, Midnight
Damnation Crusade
Queen Margot
Irs
Books of Magic
Pantheon
Batman: The Killing Joke
Boys
Sabre
Tornado
Love and Rockets
Technopriests
Infinity
Kinetic
Mystery in Space 2
Sovereigns
Mystery in Space 1
D.R. & Quinch
Angel: The Hollower
Gotham by Gaslight
Red
BUMBARDAI
t
Doc Frankenstein
Stalkers
Gold, Dark
Ultimate Daredevil and Elektra
Batman/Tarzan: Claws of the Cat-woman
Villains Month
Fearless
Hangman Comics
Whiteout: Melt
Yummy Fur
Noble Causes
Dark Empire
Batman '89
Hellboy: Right Hand of Doom, The
Final Crisis
Just a Pilgrim
Titanium Rain
Thorgal
Long John Silver
Crawl To Me
Simon du Fleuve
Idiotland
Lambert and Berengar I
Comic Cavalcade
Starstruck
Avatar: The Last Airbender
Akiko
Midnight Tales
Winter Men, The
Kitty Pryde and Wolverine
Wolverine: Manifest Destiny
Red Violet
Poison Ivy: Cycle of Life and Death
Cla$$war
Dark Tower: The Gunslinger - So Fell Lord Perth, The
Plop
Goldenrod
Afterlife with Archie
Newuniversal
Escape
Yoko Tsuno
Blue, Powder
Marvel Zombies vs. The Army of Darkness
no

Dhananjay B.
Arzach
Mustard
Torso
Batman: Prey
Timeless Tales, IDW Publishing
Pink, Light
Multiversity
Jungle Action
Classic from the comics
ZMD: Zombies of Mass Destruction
DC 100 Page Super Spectacular
Marvel 1602
King of England
Tales from the Aniverse
Microsoft
Dark Tower: The Gunslinger - Evil Ground, The
Batman: The Long Halloween
Phonogram
Mighty Crusaders
Undying Love
Crisis on Infinite Earths
Countdown to Final Crisis
Air
Forbidden Tales of Dark Mansion
Damn Nation
Kiss: Psycho Circus
Doctor Strange: The Oath
Shakara
Bertha and Odo II
Vinyl Underground
G.R.A.V.E. Grrrls
Boneyard
Mystic
Beyond!
Jack Cross
Brown, Dark
Industrial Gothic
Guy III of Spoleto
Secret War
Beano
Giantkiller
Witching
The DNAgents
Largo Winch
Commando
Sachs and Violens
Escape of the Living Dead
Batman and Robin
Action Girl Comics
America vs. the Justice Society
Hawkeye & Mockingbird
Witching Hour, The
Widowmaker
Rip in Time
Good Girls
Doctor Gorpon
White, Floral
Jack Kirby&#39;s Galactic Bounty Hunters
Hulked Out Heroes
Marvel
Buffy the Vampire Slayer Season Eleven
LavenderBlush
Criminal Macabre: Cal McDonald Mystery
Green, Dark
Lambert II of Spoleto
Marvel Effect: Foundation.
Legion Lost
RoboCop
Dome: Ground Zero
X-Men: Apocalypse vs. Dracula
Trinity
Star Wars: Knight Errant
Haunted
Valerian And Laureline
Stuff Of Legend
Kane
Infinite Crisis
Black Pearl, The
Plum
MintCream
Stretch Armstrong and the Flex Fighters
Dark Tower: Guide to Gilead
Azure
Superman Unchained
Salmon
Contest of Champions II
Lady S
Cyclone!
B.P.R.D. Hell on Earth: New World
Resistance
Bellybuttons, The
Son of M
Charlemagne
Transformers
Wonder Woman: Earth One
The World's Greatest Super-Heroes
Lady Penelope
Scarab
Vision and the Scarlet Witch
Captain Victory and the Galactic Rangers
Star Spangled Comics
Unbeatable Squirrel Girl, The
Jersey Gods
Klaus
Blue, Navy
Meta 4
El Cazador
PunisherMAX
Keyhole
Batman Eternal
Death: The High Cost of Living
Green Lantern: New Guardians
Evertype
Swords of the Swashbucklers
Batman: Arkham Unhinged
Couriers
Mass Effect
Hokum & Hex
Friendly Neighborhood Spider-Man
Black Axe
Rann-Thanagar War
Count of Toulouse
Marvel Swimsuit Special
Bojeffries Saga
Daredevil/Bullseye: The Target
Star Spangled War Stories
Marvel Collectors' Item Classics
Bijou Funnies
Star Trek: Early Voyages
Institute for Information Industry
Death Walks the Streets
Sons of the Devil
Amazing Mary Jane
Solo Avengers
Far West
Kiss Kiss Bang Bang
Ivory, Dark
Watchmensch
Jericho Season 3: Civil War
Chimpanzee complex
Ronin
Demo
El Eternauta
Vulcan
Camelot 3000
Ultimate Elektra
X-Men
Action Comics
Smash!
Kick-Ass
Louis the Blind
Gothic Blimp Works
Rocket Raccoon
Zip Comics
Kill Shakespeare
Big Numbers
Tits & Clits
Forge of War
Ash
Advanced Dungeons & Dragons
Black Kiss
Last Fantastic Four Story
Electric Warrior
X-Men: Kingbreaker
Venom: Separation Anxiety
DC vs. Marvel
Spider-Man/Black Cat: The Evil that Men Do
Chocolate
City of Silence
Furrlough
FF med Bert
Dream Police
Death of the New Gods
Marvel Spotlight
The Mysterious Traveler
Nick Raider
Point of Impact
Secret, The
John Langton
Number of the Beast
Captain America: Reborn
B.P.R.D. Hell on Earth: Gods and Monsters
Betty Boop
Ministry of Space
TV Comic
Xerox
Sergio Aragones Destroys DC
Star Wars: Dawn of the Jedi
Superman/Tarzan: Sons of the Jungle
Superman and Batman: World&#39;s Funnest
Terrific
Dark Knight Strikes Again
Freddy vs. Jason vs. Ash
Ivory
Craptacular B-Sides
Smut
Ultimate Origins
Godland
Brown
DC Universe Presents
Lenore, the Cute Little Dead Girl
Aqua
Teen Titans Go!
Fox Bunny Funny
Robin War
SpongeBob SquarePants
Gray, Slate
Mickey Mouse Weekly
Conan the Adventurer
League of Extraordinary Gentlemen
Star Reach
Lucky Luke
Zap Comix
America's Best TV Comics
yes
Alien Encounters
Yellow, Light
Jim
Angel's Friends
1963
Dirty Plotte
Incredible Hulk
Alpha
Solomon Kane
Louis Riel
Scarlet
Fourth World
Orbital
Testament
Freshmen
Best of DC
Venom: Lethal Protector
Dudão
Adventures into the Unknown
Sebastian O
Liberty Project
Neat Stuff
Those Annoying Post Bros.
Zarjaz
Battle Chasers
Dragon's Claws
Marvel Cinematic Universe tie-in comics
Walt Disney
AARGH
Star Trek: Countdown
Spider-Men
The Leading Man
Punisher: In the Blood
Cargo ship
Punisher Kills the Marvel Universe
1984
Devi
Nemesis the Warlock
War Picture Library
Juan Bobo
Hellboy: Wake the Devil
Plastic
New Brighton Archeological Society
Ghost/Batgirl: The Resurrection Machine
Slate Gray
Invincible Iron Man, The
Dogbreath
Secrets of Sinister House
Suske en Wiske weekblad
Lil' Five
Beast Wars
Indian Red
G.I. Joe: Cobra
Ultra
Common Grounds
Reign
Justice League Task Force
Wayward
Jupiter's Legacy
Canadian Standards Association APL Working Group
Creepy
Red, Light
Joe the Barbarian
Binky Brown Meets the Holy Virgin Mary
Wonderful Wizard of Oz, The
Warlord
Dark Tower: End-World Almanac
Redeemer, The
Twilight X
Peter Cassetta
Death of Innocents
World War Hulk: X-Men
No Hero
Bratpack
Timecop
Loaded bible
Curse
Barack the Barbarian
Strange Adventures
Maya Fox
Buff, Dark
Avengers Forever
League of Extraordinary Gentlemen: Black Dossier
Superman vs. The Amazing Spider-Man
Ultimate Comics: The Ultimates
Superman: Red Son
Monster Allergy
Hip Hop Family Tree
Digital Equipment Corporation
JLA: Nail
Transmutation of Ike Garuda, The
EXEcutional
Blokhedz
Total Eclipse
Sensation Comics
Sweet Tooth
Image Comics
Popgun
Dynamo 5
Whom Gods Destroy
Ghost Manor
Green Wake
Bone Orchard Mythos, The
Archie vs. Predator
Blue, Royal
Aquablue
Mickey Mouse
Melusine
Tomorrow Stories
Lime
Michael Everson
Eclipse Monthly
Secret Wars II
Instant Piano
Stormwatch: Team Achilles
Kents
Baker Street
Final Crisis: Revelations
Fantastic Comics
Quantum and Woody
Marvel Tails
Mighty Samson
Donald Duck, Walt Disney's
Chimera
Superman
Ivory, Light
Legionnaires 3
Tarzan comics
Twisted Sisters
Gesebel
Weapon
Dead Corps
Shatter
Will to Power
La Perdida
Lion
Fright Night
Wolverine and the X-Men
Stumptown
Walt Disney's Comics and Stories
Blue Monday
Superman Vs. The Terminator: Death To The Future
Providence
Courtney Crumrin
Magenta
Day of Vengeance
Hellboy Christmas Special
Krazy
War Heroes
Batman: Nosferatu
Thriller Comics
Girls' Love Stories
Brightest day
True Believers
Epic Illustrated
Mayhem!
Little Lit
Beautiful Stories for Ugly Children
Power Man and Iron Fist
Batman/Poison Ivy: Cast Shadows
Tiger
THB
Comic Cuts
Métal Hurlant
Ultimate Comics: Armor Wars
Jonny Double
Fear Agent
Pepin II of Aquitaine
Gotham City Sirens
Red Orange
Kermit (protocol)
DC Universe: Legacies
Blue
Daytripper
Copperhead
Buff
Arcade
Princess Tina
Losers, The
Fallen Angel
Revolution
Four-Star Spectacular
Seven Soldiers
Book of Lost Souls
Bad Boy
Possessed, The
Hawkeye: Blind Spot
Justice League Elite
Mindhunter
Adventures of Alan Ladd
Twilight
Magenta, Dark
Batman Chronicles
B.P.R.D.: Soul of Venice & Other Stories, The
Sha
Phoenix - Warsong
Crossfire
Spider-Man: With Great Power
Ghostly Haunts
Orange, Dark
Countdown: Arena
Mary I
Daredevil: Reborn
Complete Peanuts, The
Eightball
X-Men Fairy Tales
God of War
Ares
Trees
Gold
Punisher, The
Muppet Show
Savage Sword of Conan
Planetary
2001
Thanos Imperative, The
2000
Strangehaven
LemonChiffon
RessurXion
Blue, Alice
Surrogates, The
Turf
More Fun Comics
Finals
Higher Earth
Brown, Light
Corpse, The Narrative
Gravel
Batman The Return of Bruce Wayne
Life And Times of Savior 28
One Year Later
Goon
EC Artists' Library, The
Hellboy: Troll Witch and Others, The
Pussyfoot 5
Fall Out Toy Works
Clockwork Girl
End League, The
Sítio do Picapau Amarelo
Goldenrod, Light
Road to Perdition
Incorruptible
Chilling Adventures of Sabrina
Avengers Undercover
Albedo Anthropomorphics
B.P.R.D.: Plague of Frogs
Laura de Chabanais
Zero Zero
2020
Lonesome Hunters, The
ArchEnemies
Arkham Asylum: A Serious House on Serious Earth
RASL
Curse of the Spawn
Ninja High School
Elseworlds 80-Page Giant
Welcome To Hoxford
Detectives Inc.
Nightmares on Elm Street
Teddy and the Yeti
Fatale
Civil War: Young Avengers/Runaways
Battlefields
Locke &amp; Key
American Century
Lex Luthor: Man of Steel
Adventures of Bob Hope
Graphic Classics
Bruce Wayne The Road Home
Maroon, Web
Omac Project
Violet Blue
Unexpected, The
Maze Agency
Dexter
Project Superpowers
Hulk Comic
Big Country
Rogan Gosh
Firebrick
Think Tank
Rudolph II of Upper Burgundy
JLA/Cyberforce
Olive
Pogostick
Death: The Time of Your Life
Mighty Avengers, The
Worlds&#39; Finest
Complete Terry and the Pirates, The
Big Apple Comix
Negative Burn
Light and Darkness War, The
Marvel Zombies: Dead Days
Charles VII of France
Bite Club
All-Star Western
San Francisco Comic Book
Birthright
Greek Street
Singularity 7
Star Mage
Hate
Witches
Fearless Defenders
The Black Monday Murders
300
Requiem Chevalier Vampire
303
Absolution
World War III
Anna Mercury
Snow
Marvels Project, The
Batman: Turning Points
Thundercats
Punk Rock Jesus
Black Summer
Rising Stars
Crime Does Not Pay
Uncle Sam
Konga
Superman: The Last Family of Krypton
Trigan Empire
Marvel Mystery Comics
The Adventures of Totor
Our Army at War
Wednesday Comics
Heroes, Inc. Presents Cannon
Battle Pope
Batman: Dark Knight
-1
Berlin
Dice Man
Feature Comics
New Avengers/Transformers
DC: The New Frontier
Pink
Ex Machina
Timespirits
Nocturnals
Mad Max: Fury Road
Occult Crimes Taskforce
Batgirl: Year One
V C s
Turquoise, Dark
2099
Spider-Gwen
Gunsmoke Western
DC Super Stars
Green Manor
Space Battle Lunchtime
Marquis
Dark Tower: The Gunslinger - The Battle of Tull, The
Immortal Iron Fist
Blue, Light
Jodelle
Justice league Generation lost
JLA: Created Equal
Insufferable
Marvel Zombies series
Danger Unlimited
Batman/Superman/Wonder Woman: Trinity
Yellow, Dark
Scott Pilgrim
White, Navajo
Wake
Express Weekly
Xerxes
Outcasts
Forever War
Dark Tower: Battle of Jericho Hill, The
Champions
Dark Tower: The Drawing of the Three - The Sailor, The
Gotham Underground
Brave and the Bold
Sin City
Steeltown Rockers
Alias
The Legend of Korra
Monica's Gang
Daredevils
Origin
Superman and Spider-Man
Occupy Comics
Mary and Sigismund
Suburbia Highschool
League of Extraordinary Gentlemen, Volume IV: The Tempest
Meat Cake
Fade From Grace
Red, Dark
Tron: The Ghost in the Machine
Aquamarine
TRON project
Incognito
Trouble with Girls, The
Mylo Xyloto
Classics Illustrated
Tales from the Dark Multiverse
Sun
Silver, Dark
Third World War
Fusion
21
Harley & Ivy Meet Betty & Veronica
Pandora
Salvation Run
28
Chasing Dogma
Apparat Singles Group
Shaolin Cowboy
Jenny Sparks: The Secret History of the Authority
Superior Foes of Spider-Man
Dorothy
Yuggoth Cultures and Other Growths
Secret Invasion: Runaways/Young Avengers
Scene of the Crime
Teal
Cyberella
30
Black Light
Courageous Princess, The
Bullet
Sonic Disruptors
Limited Collectors' Edition
Jingle Jangle Comics
Forgotten Realms
Il Vittorioso
Rampaging Hulk
Dead Space
X-Men '92
MistyRose
Mickey Mouse Adventures
Viet-Std Group
Crimson
X-Men: First Class
Wormwood: Gentleman Corpse
Hellboy: Strange Places
Adventures of Dean Martin and Jerry Lewis
Dark Tower: The Gunslinger - The Man in Black, The
Hollywood Superstars
Spire, The
I Kill Giants
Distant Soil, A
Grounded
Forever Evil
Buffy the Vampire Slayer Season Nine
Cornsilk
Superman/Aliens
White, Antique
Ultimate Comics: Avengers
Jax and the hellhound
52
Drums
Armageddon
James Bond
Sparky
Jeremiah
Man Of Steel
Mahabharata US               =
Berengar I of Italy
Guy Ritchie's Gamekeeper
Victorian Undead
Batman/The Spirit
Dark Tower: The Gunslinger - The Little Sisters of Eluria, The
Pax Romana
Dark Tower: The Gunslinger Born, The
Khaki
Penthouse Comix
Flash: Rebirth
Silver, Light
Ultimate Galactus Trilogy
What If
Dark Tower: The Sorcerer, The
Aliens versus Predator versus The Terminator
Treasury of Classic Tales, Walt Disney's
Ramayan 3392 A.D.
Blue, Slate
Trese
Gorgo
Superior
Echoes
Fortune and Glory
League of Extraordinary Gentlemen, Volume III: Century
Star Trek: Nero
Brooklyn Dreams
Wolverine: The Best There Is
Green Arrow: The Longbow Hunters
Creature Academy
Blitzkrieg
Green, Light
Ferdinand I and Maximilian
Robert Kurtzman&#39;s Beneath The Valley of The Rage
76
78
Ten-Seconders, The
Random Acts of Violence
Classics Illustrated Junior
Bozz Chroincles
Superman/Shazam: First Thunder
Trencher
All-New X-Factor
My Little Pony
Conan
JLA: Earth 2
1602
Blood and Thunder
Blue, Steel
Iron Man and Sub-Mariner
Marvel Apes
Backstreet Project
86
Jimmy Zhingchak - Agent of D.I.S.C.O.
Habibi
Insiders
Date with Debbi
Tanguy Et Laverdure
W.I.T.C.H.
Five Ghosts
Naughty Bits
91
Final Crisis: Legion of 3 Worlds
Kingdom of the Wicked
Voltar
New X-Men
99
Remains
Mandy
Justice League Quarterly
Next Issue Project
Deadworld
Gears of War
Marvel: The Lost Generation
Rock 'N' Roll Comics
Zombies That Ate The World
Spider-Man and the Fantastic Four
Chartreuse
Gay Comix
Nikki
Eclipse Magazine
Gemini Blood
Pro, The
Peru
Blue, Cadet
Rise of Apocalypse
Amazing Scarlet Spider
Ascension
Avenger
Batman and the Monster Men
Holy Roman Emperor
Flashpoint
Exalted
Gargoyles
Uncle Scrooge Adventures
Secret Origins
Criminal
Batman: Arkham City
Arnulf of Carinthia
Spider-Man: Chapter One
Deadly Genesis
Fantastic Four: Unstable Molecules
Monstress
Batman '66
Marvel Mangaverse
Judy
Marvel Knights 4
Cyan
My Date Comics
Batman
Ultimatum
Big Dave
Yellow Green
Ultimate Requiem
Deadenders
Xena: Warrior Princess
Voodoo Child
Top-Notch Laugh Comics
Tan
X-Men Forever
Superman: Earth One
Fallen Angels
Young Liars
Seashell
Stickleback
Bad Blood
Red Rocket 7
Peepshow
Hunter, The
Nightly News, The
Halakhak Komiks
Amazing X-Men
De Kiekeboes
Faker
Identity Crisis
Thor: Son of Asgard
Doktor Sleepless
Waiting Place
Hepcats
Adventures of Cyclops and Phoenix, The
Nexus
Green Lantern/Superman: Legend of the Green Flame
Malignant Man
Crossovers
Dept. H
Heroes Against Hunger
War of the supermen
Doofus
Cryptozoic Man
Bitch Planet
Honeydew
Horrorist
Bear
Reign in Hell
Bec & Kawl
Sanford, Garret
New Wave
Invincible
Supergirl
Duplex Planet Illustrated
Chew
Rubber Blanket
Hyperkind
All-New Invaders
Epicurus the Sage
Ultimate Comics: New Ultimates
New 52
Rogue Trooper
Astonishing Tales
Firestar
Harbinger
Rex Mundi
The Empty Man
Last American, The
Earth X
Chacha Chaudhary
Ex-Mutants
Coral
Nam, The
Marvel Treasury Edition
Spider-Man and the X-Men
Batman Versus Predator
Golden Age
East of West
Bad World
All-New X-Men
Bloody Mary
Apache Skies
A1
Inc.
Punisher P.O.V.
Charlton Bullseye
Marvel 1602: Fantastick Four
Batman: Shadow of the Bat
Robert II of Capua
OliveDrab
Batman: Year 100
Violet
Battle of the Planets
Wildcat
Avataars: Covenant of the Shield
Black Lamb
Crisis
Stray Bullets
WWE Heroes
Hellboy: The Crooked Man and Others
Ultimate Comics: Spider-Man
JLA: Destiny
Indigo
Mohammad Ghous
Dark Tower: The Gunslinger - The Way Station, The
June
World of Warcraft
Ultimate Marvel
Marvel Classics Comics
Killer, The
Northlanders
Batman/Aliens
Truth: Red, White &amp; Black
Not Brand Echh
Circle , The
The Legend of Wonder Woman
Last Hero Standing
Blaze of Glory
Nextwave
Yakari
Nevada
Maroon
Spider-Man: Blue
Rabbi's Cat
Zot!
Raspberry Ice Cream War
X-Men Reload
Blood & Water
Zenith
Cerebus the Aardvark
Fung Fung Lee
Indiana Jones
JLA/Avengers
Marvel Divas
Ultimates, The
Devashard
Conan the Barbarian
Batman and Robin Eternal
Underwater
The Führer and the Tramp
Count of Ballenstedt
Books of Magick: Life During Wartime
Combat Kelly
Firekind
Marvel Zombies Return
Scarlet Traces
Twelve
Dee Snider's Strangeland: Seven Sins
Mercenario, El
Lowlife
Hellboy: Conqueror Worm
Green Lantern Corps: Recharge
Greatest Hits
Faces Of Evil
Vampironica
Franka
Saviour
FX
Lavender
Taboo
Solo
Batman: Gotham Knights
Secret Warriors
Angel Love
Down
I Was a Teenage Tax Consultant
Last of the Greats
Treasure Chest
War Is Hell
DMZ
White
Wolverine
Missouri Boy
League of Extraordinary Gentlemen: Nemo Trilogy
All-Star Superman
4.5
Babe
Usagi Yojimbo
Marvel Zombies
Honk
Wolverine: Weapon X
World of Krypton
Chip 'n Dale Rescue Rangers
Batman/Houdini: The Devil's Workshop
Lloyd Llewellyn
Creepy Scarlett
Outlaw Nation
Martin Luther King and the Montgomery Story
Robotech Defenders
Final Crisis: Rogues' Revenge
Crash Ryan
Mighty Marvel Western
Silly Symphonies, Walt Disney's
Cyberspace 3000
Gold, Light
Dreaming
BUMP
DP7
Punisher
Ultimate X
Funnies, The
El Arsenal
Beast Wars: The Ascending
Meatmen
Villains United
Batman Black And White
Atomic Robo
Secret Files and Origins
Frederick II and Conrad IV
Isabella Jagiellon
Blazing Combat
Unwritten
ClanDestine
Swift
Infamous
Bond Of Saint Marcel, The
Justice
Golden Legacy
Game of Thrones, A
Sea of Red
The Accelerators
Hellboy: Seed of Destruction
Top 10
Blue Ribbon Comics
Four Women
Superman For All Seasons
Green Yellow
Dark Matter
Jughead: The Hunger
Deadman
Shield-Wizard Comics
Hellboy: The Wild Hunt
Mythos
House of Mystery
New Adventures of Hitler
Screamland
Thanos Rising
Boiled Angel
Freddy Krueger's A Nightmare on Elm Street
Super-Team Family
Steampunk
Further Adventures of Cyclops and Phoenix
Emerald Dawn
Orchid
Cherry
Give Me Liberty
Image United
Scalped
Tomato
A+X
Batman/Teenage Mutant Ninja Turtles
Whispers
Dungeon
George and Vladislaus II
Burlywood
Vote Loki
Inspectre
Ace Comics
Motor Girl
G.I. Combat
El Gato Negro
Pilot Season
Blackmask
BlanchedAlmond
Superman: War of the Worlds
Rachel Rising
Mage
Turquoise, Light
100.0
Macedonia
Buck Danny
Finn
Starlight
Captain America and the Falcon
DC Comics Two Thousand
Mice Templar
Little Lulu
Blood tale
El Negro Blanco
Astro City
Superman vs. Muhammad Ali
No
Seaguy
Starblazer
Takio
Hawkworld
CrossGenesis
Talent
Hard Boiled
Ultimate Six
Gray, Web
Fabulous Furry Freak Brothers
Henry III of England
Red Raven Comics
Destiny: A Chronicle of Deaths Foretold
Bunty
Ectokid
Hellboy: The Storm and the Fury
Pulse, The
Warheads
Comix Book
Tron: Betrayal
Dark Tower: The Drawing of the Three / Revenge Sampler
JLA: Act of God
Fray
Top-Notch Comics
Taslicay
Tales of Ghost Castle
Gainsboro
Superman Deadly Legacy
Star Wars: Legacy
Ruins
Motion Picture Funnies Weekly
B.P.R.D.: Garden of Souls
Star Slammers
Trial by Fire
Red Robin
American Way
Blossoms 666
Hulk: The End
Uncle Scrooge
Scout
Blue, Dodger
Calexit
Castle Waiting
Outcast
Pretty Baby Machine
Drain
Wimmen's Comix
Kobane Calling
Apaimanee Saga: The Pirates Dawn
Identity Disc
Sillent Hill
Buffy the Vampire Slayer Season Ten
Starlord
Tomb Of Dracula
Die by the Sword
Pow
MIT
M0051
Batman: Streets of Gotham
Albion
Streets of Glory
Complete Carl Barks Disney Library, The
Turma do Pererê
Farmhand
Green Arrow and Black Canary
Crusades, The
Our Fighting Forces
Prometheus: The Complete Fire and Stone
Doomsday + 1
Invisible Republic
World of New Krypton
Dead Body Road
PENG
IBM
Adventures in the Rifle Brigade
Dark Tower: Treachery, The
130.6
Alien Legion
JLA: Shogun of Steel
Valiant
Hellboy: Weird Tales
Blue, Sky
Batman: War on Crime
Jughead: The Hunger vs. Vampironica
Zoids
Tyrant
All-American Comics
Fire
Dark Tower: The Long Road Home, The
Carbon Grey
Cruel and Unusual
New Statesmen
Civil War: Front Line
Breed
Buster
Fuchsia
Elfquest
Tale of One Bad Rat, The
Parade
Force Works
Missionary Man
Cheshire Crossing
Anarchy Comics
Joker
Punisher War Zone
Dracula Lives!
Superman & Bugs Bunny
Sandman Midnight Theatre
Brides in Love
Hell and Back
Batman: Gotham County Line
Cornflower Blue
Silver Surfer
Angeltown
no nnkllkn
Angel: After the Fall
Batman: The Man Who Laughs
Linen
BrainBanx
Fell
Star Trek: Khan
Superior Spider-Man Team-Up
XXXombies
Voice in the Dark
Blackgas
Dark Tower: The Gunslinger - The Journey Begins, The
Army of Darkness
John Salmon (bishop)
Ultimate Comics: Doomsday
Hermes Press
Batman and the Mad Monk
Cosmic Odyssey
All-Flash
Hack/Slash
Little Archie
Flesh
Pendulum
Deepak Chopra's Buddha
Sisterhood of Steel
Crossing Midnight
Strikeforce: Morituri
X-Men Schism
All Star Batman and Robin the Boy Wonder
Bloodthirsty
Luluzinha Teen e sua Turma
B.P.R.D.: Black Flame, The
God Hates Astronauts
Mystery Comics Digest
Cannon Busters
Wetworks
Powers
X-Men: The 198
Funnies on Parade
Green
Captain America
Real Ghostbusters, The
Smash Comics
Green, Spring
Vandroid
Redfox
Saint Sinner
Umbrella Academy, The
Roy of the Rovers
Unknown Worlds of Science Fiction
Generation M
Incarnate
Purple, Web
Spike
Thor: Blood Oath
JLA/The 99
Banzai Girl
Local
Nikolai Dante
Champions of Hell
Invisibles, The
Low Life
Anne Bonnie
Universal War One
Spirou
Green Olive
Low
Green Lantern: Mosaic
Promethea
Azrael
TV Century 21
Leave it to Chance
Yellow Dog
Silent War
Optic Nerve
Young Lust
Stormwatch PHD
Trenchcoat Brigade, The
Slow Death
Automatic Kafka
Jackpot Comics
All Negro Comics
Batwoman
Stand, The
Desolation Jones
Vampire hunter d American wasteland
Wonder Woman '77
Batman: Cacophony
Gotham Central
Solar Wind
Brown, Sandy
Chamber of Darkness
X-Files comics
Cobb: Off the Leash
Heroes for Hope
American Freak
Twinkle
Jack's Luck Runs Out
Maxx
Weird Mystery Tales
Extreme Justice
Avenging Spider-Man
Battle Picture Weekly
Draonlance
Mustard, Dark
Eerie
Batman Beyond
Spider-Man: India
Exile: An Outlander Graphic Novel
Kill Your Boyfriend
Deadly Class
Batman: Gates of Gotham
Fort: Prophet of the Unexplained
Seven Brothers
Princess
Billy Batson and the Magic of Shazam!
Xenozoic Tales
This Magazine Is Haunted
Bullet Points
Razorjack
Flash
Army@Love
Djustine
One, The
Elektra: The Hand
Doyle: Spotlight
Sandie
Mustard, Light
Batman: Haunted Knight
John Carter, Warlord of Mars
Justice League Europe
Godkiller
Rip Off Comix
Midnighter and Apollo
Burhanuddin Rabbani
Monsters Unleashed
Strange Worlds
Superman: Secret Identity
Black
Batman: Thrillkiller
Damned, The
Beige
Dark Tower: The Drawing of the Three - Lady of Shadows
Big Fat Kill, The
Shrapnel Radical Comics
New 52: Futures End
Adventures of Pussycat, The
Dreamwar
India Authentic
Dirty Pair
Frank in the River
Dandy
DCeased
Tales of the Zombie
Celestial Quest
Inhuman
Red Seas, The
Marvel Saga
Timestorm 2009–2099
Journey Into Mystery
After Dark
I Am Legion
Batman: Dark Victory
Viking
Bible John -A Forensic Meditation
Incredible Hercules
Batman: In Darkest Knight
H.E.R.O.
Marvel Zombies 4
Jessica Jones
Marvel Zombies 5
Ultimate Comics: Iron Man
Ocean
S.H.I.E.L.D.
Salem
Sandman
Nemesis
Heartland
Life On Another Planet
Superman: Birthright
Moccasin
Chiaroscuro: The Private Lives of Leonardo da Vinci
Adventures of Luther Arkwright, The
Sabrina the Teenage Witch
Chronicles of Wormwood
Batman: Earth One
Ultimate Comics: X-Men
Fallen Son: Death of Captain America
X-Men: End
House of Secrets
Enigma
Civil War: X-Men
Ghost/Hellboy/
Injustice 2
Friday
Superior Spider-Man
X-Men: The Hidden Years
Star Trek/X-Men
Blab!
Marvel Zombies 2
Intimates, The
Marvel Zombies 3
B.P.R.D.: Hollow Earth and Other Stories
Girls' Romances
Silver
Mouse Guard
Marvel Comics Super Special
Fade Out
pssst!
Doug Hitch for the Northwest Territories government
Joker: Devil's Advocate
That Yellow Bastard
Bisque
Monster Fun
Aldebaran
Daring Mystery Comics
Iron Man: Enter the Mandarin
Wanted
Tintin
Hellboy Junior
White, Ghost
Extraordinary Adventures of Adele Blanc-Sec, The
Drafted
Batman Confidential
Demon Knights
Marvel 1985
Batman: The Widening Gyre
Major Bummer
Barbarella
Cites obscures, Les
Tango
Husbands: The Comic
Famous Funnies
Books of Faerie
Jaegir
Tomb Raider
Last Planet Standing
Ghosts
Batman: GCPD - Gotham City Police Department
X-Men: Children of the Atom
Purple
Astonishing Spider-Man/Wolverine
World&#39;s Finest Comics
Fanboy
Flight
Sleeper
Cable and X-Force
St. Swithin's Day
Hulk: Gray
Mickey Mouse, Walt Disney's
Stray Toasters
Captain America: White
Black Hole
American Flagg!
Fables
Ultimate Comics: Fallout
Todd, The Ugliest Kid on Earth
Girls
Herogasm
Yellow
Violet, Dark
Spider-Woman
Robin
Batman: The Cult
Stone Island
Marvel Noir
Green Lantern: Rebirth
Mendy and the Golem
Empire
Illegitimates, The
X-Infernus
Night Mary
Weirdo
The Punisher
Green Lantern Earth-One
Batman: The Adventures Continue
Mumbai Confidential
Mohammad Rabbani
Lockjaw and the Pet Avengers
Turquoise
Captain Confederacy
Tokyo Ghost
Raisin Pie
Amazons Attack!
Flash Comics
Astonishing X-Men
Adventures of Tintin, The
Blue, Dark
Paradigm
Fluorescent Black
Global Frequency
Casanova
Resident Alien
Gear
Dark Horse Book of
Liberty Meadows
Wolfskin
Contest of Champions
D-Day
Crew
Green, Lawn
Crossed
Gothic Sports
Gold Digger
Van Helsing: From Beneath The Rue Morgue
Mek
Tarzan vs. Predator: At the Earth's Core
Time Flies
Tvrtko II
Proof
Cedric
Infinity Gauntlet
Walking Dead, The
iZombie
JLA: Another Nail
Animal Man
no
From Beyond the Unknown
Teen Titans Earth-One
Indiana Jones and the Spear of Destiny
Cages
Mahdi al-Mashat
Hellblazer Presents: Chas – The Knowledge
Put the Book Back on the Shelf
Charmed
Genus
Wolverine: Snikt!
Superman And Wonder Woman The Hidden Killer
Street Angel
Buffy the Vampire Slayer Season Eight
Four Eyes
Time Warp
Hellboy: Chained Coffin and Others, The
Revenant
Striker
100
Dan Cooper
Goldenrod, Dark
Tuniques Bleues, Les
Leviathan
Cry for Justice
Sensei
Sleeze Brothers, The
Monica Teen
The Comet
Skreemer
Anarky
Superman: Secret Origin
Batman Adventures: Mad Love
Thief of Thieves
Purple, Rebecca
Near Myths
CrossGen Chronicles
Unstoppable Wasp, The
Gray, Light
Ambush Bug: Year None
Orc Stain
Halo: Uprising
Superman: Wedding Album
Trident
Countdown
Batman/Hellboy/Starman
Eagle
Stan Lee Meets Superheroes
American Vampire
Garin's uncanny file
Palookaville
All Star Comics
Hellboy: Darkness Calls
Menace
Clash of Kings, A
Rat Queens
Apocalypse Nerd
Chopper
Wheat
Buff, Light
Penguin: Pain and Prejudice
Neonomicon
Thomas of Bosnia
Green Lantern Versus Aliens
Glamourpuss
Ghost Rider 2099
Black Hood Comics
Tales from the Heart
Orange, Light
Complete Crumb Comics
Star Wars comics
Big Guy and Rusty the Boy Robot
Point Blank
Welcome to Tranquility
Marvel 2099
Echo
Kingdom Come
Whiteout
Elektra: Assassin
Bad Planet
Thistle
Elephantmen
Incoming!
Fiends of the eastern front
Hero Happy Hour
Dinosaurs for Hire
Irredeemable
Victorian, The
Green, Sea
Punisher , The
Pirates Of Coney Island
Ender's Game
Chiaroscuro
Cyan, Light
SpyBoy
Batgirl and the Birds of Prey
Void Indigo
League of Extraordinary Gentlemen v1
League of Extraordinary Gentlemen v2
Girl
Batman : Digital Justice
Salon
Gray
Cable &amp; Deadpool
Warhammer Monthly
Catwoman: When in Rome
Black Moon Chronicles
Clifton
Alan Moore's The Courtyard
Necromancer, The
Dame to Kill For, A
G.I. Joe: A Real American Hero
Gunn: Spotlight
Countdown to Infinite Crisis
Holy Terror
The Dark Knight Returns
Near Death
Scary Tales
Phoenix - Endsong
Pippin
Action
Constantine
Exterminators, The
Dark Tower: The Drawing of the Three - Bitter Medicine, The
Daredevil: End Of Days
Brown, Saddle
Superman: Peace on Earth
Faust
Lucha Libre
Pink, Dark
Auld Lang Syne
Pink, Hot
Clone
Age of Apocalypse
God Nose
Alex + Ada
Knockout
Green, Lime
Connor: Spotlight
Warhammer 40,000 comics
Kingdom
Ratold of Italy
Mome
Blankets
Spawn/Batman
Space Adventures
Blackhawk
Girl Comics
Orange
DC Universe Online: Legends
Mighty World of Marvel
Codename: Knockout
Spider-Man Comics Weekly
Rascals in Paradise
Violet, Light
Infamous Iron Man
Breathtaker
Threshold
Crude
Superman Smashes the Klan
Dark Tower: The Gunslinger - Sheemie's Tale, The
Angel and the Ape
All-Out War
Ultraverse
Weird Fantasy
Billy the Kid's Old Timey Oddities
G.I. Joe: America's Elite
Wicked + The Divine, The
JLA
Secrets of Haunted House
Dark Night: A True Batman Story
Iron Man
Sword, The
Lex Luthor: The Unauthorized Biography
Crux
Car Warriors
Pretty Deadly
Four Color
Planet of the Symbiotes
Supergod
Biancaneve
Warrior
Brown, Rosy
WhiteSmoke
Amazing Spider=Man
Ghostly Tales
Boy's Ranch
World Without End
DC Comics Presents
EPIC Magazine
Button Man
Born
Venger: Dead Man Rising, The
Q strip
Captain Britain and MI13
Oblivion Song
Henry II of Castile
Black, Light
Heavy Liquid
Green, Web
Shutterbug Follies
Starman
JLA: Age of Wonder
Eleve ucoboo
New 52 Futures End
Terminator: The Burning Earth
Dark Tower: Fall of Gilead
Last Avengers Story
Metamorphosis Odyssey
Dylan Dog
Weird Worlds
Ultimates 2, The
Archaic
Super Soldiers
Old Man Logan
Deadline
Dreadstar
Papyrus
Marshal Law
Superman Monster
Beast Wars: The Gathering
Necronauts
PapayaWhip
Gray, Dark
Ignition City
Dragon Prince
TCVN/TC1
Survivors' Club
Inc
Archie Meets the Punisher
OldLace
Batman: Battle for the Cowl
Buffy the Vampire Slayer Season Twelve
Abadazad
Cyan, Dark
Egypt
Wytches
Chamber of Chills
Unfunnies
Monarchy, The
Extremist, The
Green, Forest
Peter IV of Aragon
Dark Horse Presents
Cor!!
Six from Sirius
Invisible Kingdom
Born Again
Boys' World
Batman: Year One
Death Rattle
NYX
Jesus Hates Zombies
Batman R.I.P.
Haunted Love
Good Guys
Brath
Michael Davis
Fantastic Four 2099
TekWorld
Murphyverse
Marvels
Superman '78
Henry IV of France
Ukala