Cardiothoracic Surgery, Photography
Materials Chemistry
Matrix analysis
Lanthanide
Philosophy of Science
History of psychiatry
Information system
Crop Science
Memory
Materials
Botanist and archaeologist
Geotechnical engineering
Gender
Systems Biology
Radiophysics
Information systems
Glass transition
Animal breeding
Lasers
Basic research
Biostatistics, human genetics
Linguistics, history, ethnography, writing, Orientalism and exploration
European economy
Education, advocacy, human rights
Physician, dentist
zoology, arachnology
Purinergic signalling
Kindergarten
Financial market
Bioinorganic chemistry
Criminal Procedure
Epidemiology, Obesity prevention
National health information policy, quality improvement, administrative medicine, medical informatics
Clay and Colloid Chemistry
Mass spectrometry
Petroleum politics
Cognitive Science, Artificial Intelligence, Robotics
Evolutionary anthropology
Nursing Education
Cryo-electron microscopy
Cardiac and autonomic pharmacology
Mineralogy, meteorology
biogeography, coral reefs, atolls
Happiness
Social network analysis
Mathematics, astronomy, design of instruments
Psychiatry and Medicine
Diabetes mellitus
Inflammation
Infectious Diseases, Pneumonias
Light therapy
Ophthalmic pathology
Urban mobility
Computational science
Satellite navigation
Diophantine analysis
Quantum communication, quantum networks, condensed-matter physics, quantum information, quantum optics
Libertarian economics
Adipose tissue
Zoology, particularly crustaceans
*Public health
*Epidemiology
synchrotron radiation circular dichroism  spectroscopy
Religious studies
Climate science
Philologist
Condensed matter
Geometric measure theory
Vertebrate paleontology
Mathematics Education
Civil engineer
Optimization (mathematics)
historian of antiquity
Combinatorics
Palaeobiology
Radio Astronomy
History of Science
Petrography
Health psychology
Blogging
Program analysis
Pathology
Social science
Animal rights
science, academics
Behavior Genetics
malacology, zoology, entomology
Stem cells, Cancer Biology, Epigenomics
Lactation
Digital forensics
Art and science
Chinese culture and history
Cell physiology
Building trust
Genetics, Cancer Biology
Operator theory
Mineral processing
Behaviourism
Kinetochore
Ontology Engineering
Real estate management
Neuropsychology
Mechanical Engineering
Legal ethics
Economics, nutrition epidemiology
medical historian
microbiology
Gravitational Waves
Ethology, Neurosciences, Biology
Planktology
Mathematician
Suicidology
Nanocomposites
Religious Studies & Political Science
Trigger systems for Physics
Campaign finance in the United States
Cell membrane
Galaxy formation and evolution
Optical waveguides
Computational Chemistry
Polymer chemistry
Domestic violence
French Literature
Botany & Hematology
Cryogenics
Sociology, criminology
Computer networks
Pediatrics, Health Care, community and family services
Forensic science
Chemical Biology, Molecular Pharmacology, Structural Biology, Microbiology and Infectious Diseases
Neuroanatomy
Earth Systems Engineering and Management
Microalgae
Behavior genetics
Educational Psychology
Mechanics
Taxation
Chemistry, dental research
Structural Enzymology
Psychiatry, psychotherapy
Business administration
Horror studies
Smart contract
Cytochemistry
Anthropology in South America
Data Science
Biology, human genetics, philosophy of science, philosophy of biology, VBA, VB.NET and C#.NET
Biopsychology
Aesthetics
Deformation (mechanics)
trace elements in crops, fruit disorders
History of geology and paleontology
Smart dust
mathematical ecology, evolutionary biology, scientific modelling, loop analysis, complexity, philosophy of science, “looking at the whole”
Nuclear chemistry
Diabetes Mellitus
Primary care
Lepidopterology
Spermatophytes
Algorithms
Climate Change
Digital signal processing
Biological physics
Molecular Biology, Medical Systems Biology, Pharmacology
Irish Travellers
Nature conservation, Environmental biotechnology, Bioeconomics
Islamic philosophy
Molecular Genetics
Regenerative medicine
Geophysicist
Structural Biology, Microtubule Biology
Protozoology
Architectural theory
User-centered design
Total Synthesis
Jewish literature
Education
Seismology
Scientific research
Mathematical biology
Ecologist, Evolutionary biology, History of Science, Distance Education, Art Photography
law
cosmology, gravity
Sociology, Anthropology
Natural gas hydrates
Aerosol physics
Psychological Warfare
Generative grammar
Micronutrients
Hearing
Applied mechanics
Chromatin
Molecular biology and genetics
Ontology (information science)
Natural History
Regenerative Medicine
Data mining
Historian, University Professor
Publishing
Paleogeography
Applied linguistics
Medicine, Orthopedic Surgery, scoliosis, physiotherapy , scoliosis in children
Historian
General relativity.
Radio Science
Singularity theory
and mathematics
Preventive medicine
Diadema Field
Random matrix theory, quantum chaos, number theory, Riemann hypothesis, quantum graphs
Physics, Condensed Matter Theory
Translation studies
wetland ecology and biogeochemistry; wetland and river restoration; ecological engineering; systems ecology
Medical device
Marine/Freshwater Ecology
Sleep medicine
Statistics, Statistical sampling of biological populations
Veterinary oncology, cancer biology, comparative medicine
Electronic Engineering
Speech and language pathology
Chemical and biological engineering
Nephrology
molecular biology, regeneration
Irish language promotion
Power mechanical engineering
Chemist
Gerontological genetics
Family therapy
Evolutionary genetics
Historian, Academic
Aging
affect heuristic
Plant science
Iranian studies
Computer security
Social ecology (academic field)
Defense research and development
Molecular oncology
Structural Biology
Immunology, gene therapy, bioelectronics
Prehistoric archaeology
Nursing research
Nuclear safety
Sociology of education
Chemical Kinetics
Chemical Biology
Organization behavior, organization change, organization theory
Non-coding RNA
Epithelial polarity
operation research
Art
SVG
North Germanic languages
Bioethicist
Epidemiology of microbial diseases
Microbiology, radiochemistry
Biomaterials
Primatology
Coastal ecology
Theoretical computer science
Statistical epidemiology
Planetary geologist, volcanologist
Agricultural science
Russian history
International Standards, Civil Engineering, Geotechnical Engineering
General topology
Seismic engineering, sea ice
Relationship between religion and science
Cerro Dragón Field
neurochemistry, biochemistry, neurology, developmental neurobiology
Applied physics, energy and climate
Ageing
Development studies
to improve access to information and empower local communities in Africa
Jamming (physics)
Chemistry and Mathematics
Climate change mitigation
Constitution of Australia
Carbon cycle
Vaccinology
Political Economy
Physical Chemistry
Political sociology
Chinese history
Information security
Strongly correlated material
Human genetics
Amphibians anatomy and embryology
Polar mycology & lichenology
Automorphic forms
Language acquisition
Plant hormones
Human Rights Monitoring, Legal and Political Advocacy, Campaigns, Research
Child nutrition
Fungi
Commercial Law
Seismic stratigraphy
Political science
Christian Missionary, Medical Missionary, Educator
Immunology, host-virus interactions
Solid Mechanics
Sensors
Computer science education
Chemical synthesis
National security
Cosmology, cosmic rays, high-energy astronomy, and fluid dynamics
Fluid mechanics
Automatic control, Applied mathematics
Food Science
Semiconductor nanostructures and nanowires
Melanoma
Reliability theory
Stem Cell
Theoretical particle physics
Cognitive Psychology
Strategy, innovation and entrepreneurship
Medieval French literature
Protein phosphatase
Mathematician and astronomer
High Pressure Synthesis
Scientific Computation
Molecular neuroscience
Dye-sensitized solar cells
Horticulture
Forest science
Ecosystems
Theoretical physics, Computational neuroscience and Psychiatry
Speech synthesis
Surface Science
Asymmetric synthesis
Bibliometrics
Bowen Basin Coalfields
Viral evolution
Computer Security
Computer scientist
Health Policy
Livestock fertility
Astrospectroscopy
graph algorithms
Extreme Conditions
Prion disease
Geology
Globalization
Geophysics
sociology of work, comparative European employment  relations, labour market dualisation and inequality
Histology
Innovation for Developmental Challenges
Aerospace engineering
* Machine learning
* Information theory
* Sustainable energy
Dacryocystorhinostomy
Epileptology
Mathematical logic
Internet studies
Copyright Law
Invertebrate paleontology
Biochemistry, molecular genetics
Primary biliary cirrhosis
Astrophysics
circular dichroism spectroscopy
Mechanobiology
Theoretical chemistry
Education policy
Genome evolution
Population genetics
Marine science, ecotoxicity, chemistry
Climate sensitivity
Agricultural geography
Modern history
Mexican studies
Agronomy
Human evolution
Poetry
Decision making
Environmental health
Aerospace application of Thermoelectric effect, mechanical engineering
Hypercholesterolemia
Hematology, oncology
Algorithms in ballistics
Perception
Social medicine
Anesthesiology
Transport and environment
Froth flotation
Nuclear medicine
botanist / pharmacist / chemist
Taxonomy
Chemical engineering
Middle Eastern studies
Urology
Plant Pathology
Thermodynamics
Graph Theory
Agile development
Strain Gauge
Defence Scientist
Clinical psychology
Informatics
Organic chemistry, materials science
General surgery
Astrobiology, Biogeochemistry, Ecosystem Ecology, Environmental Science, Microbiology, Oceanography
Biomedical Informatics
Soil mechanics
Biologist and conservationist
Physical anthropology
Information technology
Botany, education, temperance
Air separation
Ecology and entomology the population cycle, biological pest control, introduced species
HIV and Drugs prevention campaigns, research, lobbying, media spot messages, daily sessions and classes, daily outreach interventions, peer and group counseling, Voluntary counseling and testing, All free.
Public health, health effects of legal and illegal drugs, sociology
Botany, Medicine.
History, Intellectual history, Cultural history, History of political thought
Psychiatry
Celestial Mechanics
Second language writing
Maritime archaeology
Bioengineering
Environmental Services
Taxation law
Neuroscience, Molecular Biology, Feminist Science and Technology Studies, Feminist Theory, Postcolonial Studies
Robotics
Anatomical pathology
Planetary science
Natural language processing
History of astronomy
Photoreceptor cells
Crystallography, proteins, drug resistance, pathogens, mechanisms
Federalisation of the European Union
Chemical kinetics
Privacy engineering
Health Security
Biomanufacturing
Scientific collaborations
Statistics, Mathematics
Spintronics
Global Optimisation
Alternative splicing
entomology and origami
Nanomedicine, Medical Nanotechnology
mathematics
Botnets
Cytology
Sociology, Historian, Anthropology, Writer
Child psychology
Heterochromatin
Judaic Studies
Superconducting engineering
Pharmacy education
Analytical mechanics
Public Administration
Computational biology
Business ethics
Bioinspired Materials
Revivalistics
Contact mechanics
Poetics
History of art
Biomechanics
Climate change
Neurodegenerative Disease
Ethnicity
economics
Plant breeding
Organization Studies
Population Genetics
Protein structure prediction
Microprocessor
Permaculture
Computerized neuropsychological assessment
Parenting
Biobased economy
Geomechanics
Quantum chemistry
Computational neuroscience
biology, geology, chemistry
Random graphs
Geologist
Computational statistics
Governance;
ChemistryCrystallography
Software agents
Ornithology, zoology
Systems Engineering
Parapsychology
Public health
Global health
Ichthyology, evolutionary biology
Condensed matter physics
Emergency Medicine
medicine, epidemiology
Molecular Biology, RNA-binding proteins
Second language learning
zoology, botany, geology
Urban and Regional Planning
Albacora-Leste oil field
British inventor
Food technology
Ceramics, chemical, research
Paleoclimate
Medical Psychology
Nuclear fuel cycle
Physicist and University President
Graphic Art, Fine Art, Educator
Molecular medicine
Compilers
Neuroimaging
Mental health, adolescent health, LGBT health, health disparities
Political science, peace and conflict studies, feminist theory, women's studies
Disarmament - with one focus on nuclear weapons, work against racism, work for gender equality, interfaith, campaigns, Ecosoc status with UN and representatives at UN in New York, Geneva and Vienna and at UNESCO in Paris.
Physiology, Molecular Biology, Environmental Health, Sex Differences
Psychiatrist
Comparative Genomics
Agrostologist
Computer-supported collaborative learning
Elasticity (physics)
Evolutionary Biology
Supercomputing
Weed control
Algebraic geometry, combinatorial number theory
fiber optics, optical communications, silicon photonics, Physics
Medicine, surgery
Botany, plant systematics, pteridology
Category theory
Logistics and Manufacturing Systems
Pharmacology and Therapeutics
social science, psychology
Palaeontology and Palaeobiology
Aerospace Medicine
mycology;  plant pathology
Nuclear physics
Comparative politics
Research Scientist
Hydraulics
Cardiologist, anti-nuclear war activist
Mathematical Statistics
Drug development
Vocology
Complexity
Islamic Studies
Protein Engineering
Psychologist, educator, and author
Photosynthetic efficiency
Hydraulic Engineering
Electrical Engineering
plant pathology
Radioecology, ecology, forest ecosystems, global carbon cycle
Biogerontology, biology, hydrobiology, malacology
Embryonic development
Neutron stars
Applied Linguistics
Hepatics
Game-based learning
Plant ecology
botany, paleontology
Stellar Magnetic Fields
Glycoproteins
Systems theory
Precise orbit determination
Hotspot (geology)
Biochemist and Radiation Biologist
Corrosion
Decision theory
Institutional economics
Sociology of religion, New religious movements
Protein structure
Radiation damage
Addiction medicine
Apiculture
Accelerator physics
Gifted education
Synthetic biologist,
Organometallics
Zoology
Environmental and Radiation Monitoring
Soft matter
Journalology
Mathematics
Nanotomography
Autophagy
Complex adaptive system
spectroscopy
Solid-state physics
Space exploration
Shipping
Paleobiology
Cartography
Synthetic chemistry
SNP annotation
Differential algebra
Physician
Object recognition
Child prodigy
Evolutionary Biology and Physics
Entomology, archeology, ethnography
Cell engineering
Cliometrics
Forestry
biochemistry
Atmospheric Science
Metallurgy
Optical Fibers
Leadership studies
social quality, migration, gender, work and care, digital technology
Cell signalling
Community ecology
English literature
Tupi oil field
Musculoskeletal radiology
Political science and communication
Tissue (biology)
Technical Cybernetics
Cognitive neuroscience
Home economics
Phylogenetics
Titanium and Zirconium alloys
Human geography
Ecological anthropology
String theory
electrical engineering, computer science
Comparative grammar
Natural Language Processing
Health education
Disease control
Collaborative learning
Hydrocarbon play evaluation
Robust control
Phytochemistry
Physics, Chemistry
Macroecology
Reproductive medicine
Physical cosmology
atmospheric scientist
Statistical shape analysis
Materials science and Nanotechnology
Clickbait
Cell biology
Onchocerciasis
Clothing and textiles
Library science
Bacterial pathogenesis, host-microbial interactions
Physical and Natural Science
Economic History
Energy
Botany especially algae, mosses, liverworts, and lichens
Environmental epidemiology
Quantum Computing
Human Genetics
Composer
Process optimization
History of Thailand and Thai culture
Government
Bryology
Molecular pathology
Systems Science
Meta-analysis
Analytic number theory
Medical oncology, clinical trials
Multi-agent systems
mass spectrometry, high-performance liquid chromatography, analytical method development, chemometrics; 
natural product chemistry, validation studies, plant metabolomics
culturology, history of ancient Greek philosophy
Physics, Laser physics, Experimental Gravitation
Photosystem II
Liquid crystals
Strain (mechanics)
Agricultural Ecology
Nanophotonics
Sustainability
Metallurgist
Prion diseases
Audio signal processing
Dynamics in crystals
EHealth
Safe Communication, Patient Safety, Healthcare quality
science communication
Landscape science
Nutrition, chemistry
Composite materials
Reproductive physiology
Pulsars
Non-profit
Molecular clocks
Fracture mechanics
Clinical trials
Business administration, business ethics
Condensed matter theory
Engineering Geology
Panic disorder
Isotopes
Primatologist
Logic, Mathematics
Psychology, Rescorla-Wagner Model, Animal Learning and Behavior, Behavioral Neuroscience, Memory and Learning
Ecology
Australian history
Heraldry
Helioseismology
nonlinear optics
Satire
Microbiology,
Building science
Mineralogy, gemology and inorganic chemistry
Positive psychology
History of Rakhine
Spectral analysis
Spectroheliograms of the solar corona
X-ray spectroscopy
Glycoscience
Molecular dynamics
Jurisprudence
History
Information Services
Hybrid (biology)
Bioenergetics
Marketing science
Radar signal processing
Ballistics
Paleoecology
social-ecological systems, ecosystem services, sustainability
Regional studies
International law
Circadian rhythms
Internal medicine
General relativity
19
Environmental Chemistry, Oceanography and Limnology
Plasma Physics
Rational choice theory
Astrophysicist and Meteorologist
Pacific archaeology
Numerical analysis
Chemical Physics
membrane protein biochemist and molecular biologist
Gene duplication
20
Quantum Information
molecular basis of behavior, neural circuits, neurobiology
Optical oceanography
Wearable computing
Social history
Molecular biology, Medical Nutrition
bioenergetics
Astronomy, Astrophysics
Radar
Opioids
Virtual reality
Economy of China
Foundations of geometry
Quantum field theory
Marine Biologist
Polycaprolactone
Environmental psychology
Mathematical Physics
Solid state physics, Material science
Nuclear power plant design
Food systems
Tensor network
Science and religion
Aeronautics
Convex geometry
Maternal and child health
General linguistics
Fisheries science
Material Engineering
Biological psychiatry
Photography
Anatomist and surgeon
Computational geomechanics
Boussinesq approximation (buoyancy)
Information Retrieval
Many-body theory
Rural sociology
Hebrew literature
Behavioral Neuroscience
Zhou dynasty
Stellar astrophysics
Surface chemistry
Bioethics
Chinese language
Applied Physics
Astronautical engineering
Neuroscience
Biological anthropology
Bariatric Surgery
Automation, process optimization, statistical analysis in metallurgy
Sociology of Science
Architecture
Political Science
China Studies
Psychology; Zoology
Inventions
AIDS
Clinical Psychology
Atmospheric Sciences
Sinology, Chinese history, Japan, Southeast Asia
Paleozoology
Community development, study of propaganda
Physical chemistry, physiology, physiological psychology
biogeochemistry of toxicants
Human-computer interaction
Quantitative Economics
Efficient energy use
Interplanetary mission design
Integrated Pest Management
Soil science, Agrophysics, Agronomy
Epistemology
Physics, color science
Attosecond physics
Real estate law, disaster recovery law
Ontologies
Theory of elliptic partial differential equations
Oncogenomics
Cultural History
Chemical Engineering
Terrestrial Biology
Physics and Biology
Limnology
Folklore
Civil and Environmental Engineering
Guided missiles, electrical engineering
Fluid Dynamics
Botany, Church
Statistical Field Theory
Climate and Energy Technology Innovations
Malacology
Medical Science
Innovation economics
research astrophysicist
Fashion design
Arizona State University
Herpetology, Plant collector
Protein Kinase
Nuclear Medicine, Radiology, and Bioengineering
Algebraic geometry
Ethology
Organic materials
Entomology
Mathematical finance
Plant biology
Mucus
Deep learning
Chemical neurobiology
Disease ecology
Health policy
Marine Biology, Artificial Intelligence, Robotics, and Linguistics
Renaissance humanism
Cryptography
Photodynamic therapy
Mechanical and Aerospace Engineering
cell biology, molecular biology
Dartmouth College
Political movement
Behavioral sciences
P-adic analysis
Gene expression
Comparative psychology
Vedanta
Molecular Biology, Clinical Translation, Drug Discovery and Development, Clinical Data Sharing, Executive Management, Governance
Action research
Economics, Finance and Accounting
Photosynthesis
War journalism
Geology, Environmentalism
Adaptive system
Mitosis
Electromedicine
Machine Learning
Electromagnetics
Gender theory
Medicine, Pediatric Radiology
Sociology
Theoretical mathematics
Omics
Student and Youth
Mathematics, Algebra, Noncommutative Ring Theory, Morita Equivalence, Leavitt Path Algebras
History of religions
anthropology, ethnology, ancient languages
Conservation (ethic)
Doctor
Paleontology
Constitutional and human rights law
Human trafficking
Mineral Exploration and Reconnaissance
Industrial separation processes
Sociomusicology
Banking and financial stability
Healthcare
Operator (mathematics)
Singularity Theory
Leisure studies
Arithmetic geometry
Buddhist texts
Anthropology of China
Bioscience
English and American Culture
Mineralogy and crystallography
Algebra
Vascular surgery
Jewish history
Computational Neuroscience
Plant collecting
Open Hardware
English Literature
Geography, City and Regional Planning, Urban and Regional Economics
Bacteriophage biology, Microbiology
Microbiome
Medicinal chemistry, Pharmacology
Aquaculture
Health care
Psychoanalysis, psychotherapy, and group analysis
Phosphoinositide
Plant molecular genetics, Plant breeding
Pathology, radiology
Science
Electron Spin Resonance
International economics
Semantic web
Human genome
Director of the Division of Blood Diseases and Resources , the National Heart, Lung, and Blood Institute
African languages
Apothecary
Evapotranspiration
Liquid helium
Pediatry
biodiversity
Wildlife biologist
Author and translator
Geostatistics
atmospheric and marine science
Human-Environment geography, critical geography
Polymer Light-Emitting Diodes
Drug Discovery
Quantum Chromodynamics
Archaeology & anthropology of the Muisca
Historical sociolinguistics
Central Asian Studies
Kinesiology
Nonferrous metallurgy
Accentology
system analysis
Computer Graphics
Data management
medicine, physics
Neurolaw
Botany
Peer-to-peer
explorer and cartographer
Evo-Devo
Nonlinear control
Satellite propulsion
The Standard Model
History of religion
Sequence alignment
AI
chemistry of the Solar System, space resources, impact hazards
Physicist and mathematician
Non-linear optics
Patholgy
freshwater fishes, biogeography, taxonomy
Physical therapy, Animal-assisted therapy, Canine rehabilitation and physical therapy, Clinical infectious diseases research, Ehlers-Danlos Syndrome research
Role of ceruloplasmin in Wilson disease
Archeology
Gerontology
Environmental science
Nursing
Genetic Engineering
Metabolism of carbohydrates, structures of microbial cell walls
Electrotechnics
Cell Signaling
Microstructure
Carcinology
Loyalty programs
Biometrics
Supersymmetry
Biophysics, Neuroscience, Computational Neuroscience, Physics
Neuropathology
Chemical engineer
Isotope geochemistry
Respiratory diseases of animals, biological weapons defense
Genome Informatics
Palaeontology
Protection of endangered species, wildlife sanctuary/refuge, education
Research ecology
Psychiatry, emotional and behavioral self-management
numerical analysis
Fundamentalism
Linguistics
Newborn screening
Model checking
Geophysics, Sound technology
scientist, trapper and pioneer of the early local exploration and use of oil wells and natural gas deposits
Middle Eastern Studies
Queer studies
Disarmament, reduction of Military Budget
Cardiovascular Pathology; Cardiology; Cardiac Surgery; Genetic; Sudden Death; Cardiomyopathies
Criminal psychology
Public choice
Materials chemistry
Nuclear research
cell biology
Cellular biology
Spiral Dynamics
Controlled vocabulary
History Basque Country Parliaments
Mathematician and physicist
Professor of chemistry
Nickel
Electrophysiology
Neuroscience
Physics, Science and Religion
Modern history, particularly military history and social history
Transcription factors
Zoology, Genetics
Sociocultural anthropology
Eating disorder
Epidemiology
Cosmic rays
Photonics
Malacology, Systematics, Evolutionary Biology, Biodiversity Informatics
East Asian studies
Japanology
Theoretical Chemistry
Geographer
Astronautics
Molecular Neuroscience
Orthopaedic surgery
Parallel Computing
Smart Cities
Botanist
Optical physics
Public policy
WIRE
Theoretical ecology
Quantitative genetics
Pediatrician
Neurology, neuro-oncology, neuropathology
Technology policy
porous silicon 
biosensors 
food packaging
Marine sedimentology
Cytogenetics
Taste
Coastal Engineering
Microwave engineering
Scientific visualization
Cognitive behavioral therapy
Elementary particle physics
Enhancing equality, preserving liberty, and protecting human rights
Cancer systems biology
Aerospace medicine, Undersea medicine, Diving medicine, Hyperbaric medicine, Physiology, and Engineering.
Information systems discipline
Priest, naturalist
Evolutionary ecology
Actuarial mathematics
Electronic imaging systems, image capture and rendering, color image processing, image quality, document imaging
Marine biology
Metallurgy, Industrial chemistry
Communication theory
Medical Oncology
Social and demographic statistics
Environmental health, nanomedicine, physics, medicine, public health research, air quality, physiology
DNA
Adolescent psychiatry
Education sciences
Radiation Oncology
Chemistry, Physics, molecular simulations
Social anthropologist
Cognitive linguistics
Theoretical and experimental quantum optics
laser physics
Vascular disease
Neglected tropical diseases
Information and Electronic Engineering
News and commentary
Planet formation
Chemical reaction engineering
International Economic Development and Planning and Iranian Political Economy
Interstellar medium
Meteorology
Engineering Hydrology
molecular pharmacology
Immunology, Microbiology
Pathology, Zoology
Optical imaging
Computer science, information systems security, database management
music history
Celestial mechanics
Historical sociology
Quantum computation
Botanist, Pharmacist and Analytical Chemist
Cancer prevention and rehabilitation
Graphene
Burial archaeology
Stem cells and Developmental Biology
Deaf Education
Cognitive neuropsychology
Mineralogy
Laser physics
Medicine, telehealth, telemedicine, telementoring
Dynamical systems
Social psychology
Pure mathematics
Chemical engineering, biomedical engineering
Systems sciences;
Bacterial genetics
Chemistry, X-ray crystallography
Statistical Physics
Theory of elasticity
Science communication
Rheology
Light scattering
Mineralogist, Volcanologist
Signalling Dynamics
Earth science
Computational social science
Coordination chemistry
Physics, Oceanography
Pedagogy
Tunnel
Optimal control
International marketing
Physicist and Biophysicist
Law
Visual anthropology
Film
Cultural psychiatry
Military Communications and
Programming languages
Training, capacity-building, advocacy, video advocacy,  research, international community mobilisation
Analytical Chemistry
Cancer biology
Quantum Information Science
Functional magnetic resonance imaging
Theoretical Physics
Ophthalmology
Electronic engineer and cognitive scientist
Geodesy, astronomy, cartography
Ethnomusicology
Physical chemist
Libra oil field
Psychometrics
Constructivist Grounded Theory
Knowledge representation and reasoning
World peace
Information Economics
Non-Newtonian fluids,
Quantum Information Technology
Geology and paleontology
experimental psychology,
Main-group element
Enzymology
Nuclear Chemistry
Physics, Nanotechnology, Materials Science
Numerical partial differential equations
Behavioural genetics
Bioinorganic Chemistry
Material science
Cyclin
Electron tomography
Polymer science and engineering
Soil scientist
Petrochemical Industry
Geomatics Engineering
Psychiatry, Psychotherapy, Neuroscience
Genetics, embryology
Cognitive science
Mobile Technologies
Science Communication
Plant Ecophysiology
Astrophysicist, U.S. Air Force General
Bioelectronics
Francophone literature
Ubiquitous computing
Host
Analytics
Natural Sciences and Computing
History of Colombia
human chorionic gonadotropin
Sliding mode controls
Surface science
Strategy
Actinomycetes
Film history
Legal philosophy
Biochemistry,  food science, astrochemistry
Carbonate sedimentology
Heart surgery
Phenomenology (psychology)
Superalloys
Sustainable food
X-ray crystallography
Jupiter field
Cryobiology
Operating systems
Medical education
Psychopathology
Art historian
Physician and mathematician
Photochemistry
Women in STEM
Translation studies.
vascular smooth muscle
Astronomer
High-performance computing
Field Technician · Real Estate Investor · Senior Technician · Senior Field Service Technician · Combat Engineer · Aviation Ordinance.
Practical assistance to civic initiatives, research into the state of the civic society, civic and human rights education
Public administration
Anatomy, physiology
Altaic languages
Cell and molecular biology
Supercritical Fluid Technology
Dendrology
Metabolomics
Thermodynamics, heat flow, numerical simulation, energy
Host–parasite coevolution
Mathematical statistics
Biophotonics
Mining engineering
Biology
Muscle biochemistry
Botanist; Plant collector
Semiotics
Global healthcare and education
Cartography, history
Electron holography
Navigation Systems
membrane proteins
Digital humanities
paleontology
semiconductor theory
Tectonostratigraphy
Environmental microbiology, forensic science
Magnetoreception
Civil resistance
Child and adolescent psychiatry
Reproductive endocrinology
Folkloristics
computer interaction
Fertility and population policy
Computational Materials Science
Second language acquisition
Cell therapy
Telehealth
Genomics
Plant genetics
Linguistics with specialization in Phonetics
Chemical biology
Protein design
Synthetic biology
Quantum technology
radiochemistry, physical chemistry
Medieval literature
Industrial ecology
Embryology
Organometallic complexes, porphyrins
Molecular oncology, Virology, Genetics, Cancer therapeutics, COVID
Social work
Economics
Ocean Engineering
Neurodegenerative diseases
IT strategy
Women's health, women's biology, leptin, obesity, fat, infertility, public health, population health, biology
Animal Genomics
Law, Human Rights
History and philosophy of science
Nuclear engineering and scientific computing
Thermal physics
Neuropsychopharmacology
Heritage management and Conservation
Endocrinology
Traditionalist Catholic activism
Microbiology
Diophantine geometry
Bio-organic chemistry
Mental health
Circadian Rhythms
Lobbying, research, consultancy.
Cryptocurrencies
Diagenesis
Legal psychology
JavaScript
Anti-human trafficking, human rights, education, eradicating gender-based violence, preventing female genital mutilation, women empowerment, and youth empowerment
Big data
Programmed cell death
Physicist
Administrative law
Buckling
Statins
Description Logics
Space technology and mechanics
Mathematical Geology
Nanoscience
Traffic analysis
Alfalfa diseases
stem cell and regenerative biology, aging biology
Information theory
Computer forensics
Environmental Engineering, Membrane Technology, Desalination, Water-Energy Nexus
Statistical learning
American foreign policy
Carbon nanotubes
Decision Theory
Burmese history and culture
Pediatrician, clinical geneticist and dysmorphologist
Combustion
Complex networks
Asthma research
Midwife
Energetics
Geodesy
Art historian and archaeologist
Agricultural chemistry
Metabolism
agronomy, soil science, water chemistry
reproductive biology
Meteorites
Lexicography
Technological Innovation
Nanotoxicology, Pulmonary Biochemistry, Geno Toxicity
Oenology
Viral neuraminidases
Natural science
Navigation, Astronomy, Mathematics
Colloidal chemistry
Submarine design
measure theory
Ship Operation
Physiology and Pharmacology
Pharmaceutical Engineering
Natural resource sociology
Comparative education
Ancient philosophy
Macroeconomics
Physics education
Theoretical physics, Nuclear physics, and Ultracold atoms
Transition metal chemistry
Electron Microscopy, Structural Biology
Media attention, direct-appeal campaigns, research, lobbying
Rural nursing, cancer nursing
Social network
Phylogenetic comparative methods
Virology and immunology
engineering, applied physics
patron of arts
Nuclear and space radiation hardening and electro-optics
Actinomycetota
Exoplanet
Psychotherapy
Quantum Physics
Astronomer and astrophotographer
Chemistry, Natural science
and adjacent fields, inventor
Obstetrics and Gynecology
Computational chemistry
General Relativity
Politics; East Asian Regional Studies; Political Science
Physics, applied physics
Behavior
Zoology, Entomology
Culture
Inventor
Rock art
Theories of Justice
Academic Medicine
Ecotoxicology
Ethnomusicology, musicology,
Cinematography
Intellectual history
Philology
Chemoinformatics
Genetics, Developmental Biology, Genomics
Differential equations, Dynamical Systems, Bifurcation Theory, Differential Equations of Classical Geometry
nutrition
Speech recognition
Signal processing
Econometrics
Causality
Bio inorganic chemistry, nano science
Open access
Ethnology, Archeology, Historical Geography
politics
Structural mechanics
Physical chemistry
Schizophrenia
Poaceae
Mechanical engineering
Scanning tunneling microscope
History of literature
History and education
Electrophysilogy
Substance use disorders
Immunology
Computer graphics
Occupational health
Civil engineering
Ionosphere
Biological oceanography
History of Victorian Society
Atmospheric science
Futurism
Chinese philosophy, religion, Han dynasty history
Complex Networks
Data structures
Ecophysiology
Natural disasters
Entomology of Chrysomelidae beetles
Social cognition
Chemical crystallography
Medicine, zoology
Mesons
Barracuda Field
Polymer science
Environmental Engineering
Politics
Fine arts and Culture
Methane
Medicinal chemistry
Thoracic surgery
Random fields
Microbiology, virology, immunology
Chatbot
Verticillium wilt
Developmental psychobiology
Nuclear weapons
Biology, coral reef ecology, insect reproductive behavior
Science and Technology Studies
* Microbiology
* Antibiotics
Optomechanics
Organ transplantation
Cultural policy
LGBT Rights
Health care.
Nanoelectronics, Neuroscience
Constitutional Law
Semantic Web
Technical art analysis
Research Ecology, Genetics
Molecular Medicine
Epidemiology, Oncology
Computational materials science
High-energy astrophysics
Type theory
Phenomenology (physics)
Infrared spectroscopy
Philosophy of mathematics
Theory
Kleinian groups
Atomic Physics
Solar physics
Klein theory
Geomathematics
Isomer
Alkaloids
Environmental Soil Geochemistry
Literary criticism, Textual criticism, Theory of poetry
Nuclear proliferation
Oceanography, Geological Sciences, Hydrology, Numerical Modeling, Geophysics
Human rights, investigative journalism, broadcasting, anti-corruption
Nursing theory
Food irradiation
Text mining
Anatomy, medicine, chemistry
Marlim
Terrorism
Vertebrate zoology, ichthyology
Artificial Intelligence
Grammar
Quantum physics
Marxian economics
Earth Science
Economic geology
Developmental Psychology
Population Ecology
Syntax
Historical linguistics
Psychology of music
Computer Engineering
Natural Science
Biologist and environmentalist
Retail
Dynamical Systems
Biophysicist
Nonlinear Optics
Microwaves
Conservationist
Physician and Medicinal science
Redox biology
Behavioral Sciences
Botany, lichenology
Jazz influence on international relations
Sequence stratigraphy
Parasitology, mammalogy and veterinary medicine
Aeronautics and Astronautics
Cryosphere ecology
Electric vehicles
Explorer
Plant Systems Biology
Physics, Psychology, Education, Psychometrics
coastal science
Geographic Information Systems
Mathematics and computer science
First language acquisition
Exocytosis
Evidence-based medicine
Molecular epidemiology
Māori art and architecture
Nuclear science
Neuroendocrinology
Neuropharmacology
psychology of sexual offenders
Soft matter physics
Physicist, chemist, and physician
Political ecology
Naturalist, ornithologist
Network (mathematics)
computational mechanics
Social determinants of health
marine science
Optimal Control, Dynamic Games, Uncertain Systems, and applications
Holography
Community psychology Human Psychology, Clinical Psychology, Research Psychology, Developmental Psychology
Pediatrics, Adolescent Medicine
Nuclear reactor technology
Southeast Asian studies
Mining
Dentistry, dental research
Nitrogen fixation
Nuclear physics, proton scattering
Swarm intelligence
MEMS
Zoology, geology, occupational diseases
Liquid-propellant rocket
Cellular and molecular biology, cancer genomics
Optoelectronics
Hydro Geophysics
Historical geography
Polar oceanography
Mathematics, Meteorology, Physics
Political communication
Computer security, software engineering, and mathematics
Hypoxic Response, Epigenetic, Oxygenases, Antibiotic Resistance
Hydrometeorology
Fracture Mechanics
Geobiology and phytocenology
Experimental Nuclear Physics
particle physics
Pediatric
Applied physics
Automation of Science
Bioacoustics
Synchrotron light source
anthropology, archaeology, ethnology
Quechua language
Rabbinic literature
Breast cancer
Mobile Computing
Transportation theory (mathematics)
Molecular evolution
Magnetogenetics
Hepatologyzimmunology, molecular biology
Cancer
Apoptosis
Operations research
DNA rearrangements
Low-temperature physics
bird conservation; ecotoxicology
Ph.D  of  Ethnology
Catalysis
Aquatic plant
Kepler
Psychology, research administration
Palaeogeography
Sharks, rays and skates
Quantum entanglement
Microalgal ecophysiology
Algebraic Topology
astrophysics
Biocybernetics
Personal genomics
Topology
Computer Science,
Free probability
NGO
Psychiatric medicine
Political theory, global history, international law
Mass media
Metabolic disorders
Senses
Neuroengineering, Computational Neuroscience, and Medicine
Anthropology, archaeology
Literary theory
Conchology
Environmental economics
Remote sensing
Clinical psychology, civil rights activism
Ecological psychology
historical, geographical studies
Bayesian statistical methodology
Manufacturing
Philology, Oriental languages
Shafer theory
Molecular epidemiology, indoor air quality, occupational exposure, lung cancer
Behavioral biology
Graph theory
Sociology, science and technology studies, social theory
Political Science
Point processes
Oncology, Molecular biology, Oncoimmunology
palentology
Attention Deficit Hyperactivity Disorder
Communication studies
Health administration
Conservation genetics
Statistican
Poultry science
International Law
Mathematics and mathematical physics
Alpha particles
Marine ecology and conservation
Scientific illustration
material physics
Gaelic revival
Geology, Volcanology
Behavioural Genetics
Oral and maxillofacial pathology
Sustainable Development Goals: 
* 11: Sustainable cities and communities
* 17: Partnerships for the goals
ecosystem ecology, biogeochemistry
Climate change (general concept)
Mathematics, Astronomy, Optics
Media effects
Volcanology, engineering
Wound healing
Oral history
Organic photovoltaics
Computational Biology
Internal Medicine
Atmospheric sciences
Neurophysiology
Neurophilosophy
Ecological forecasting
Net zero
Renewable energy
Markov processes
Marine zoology
Cosmology
Economic methodology
Mathematical optimization
Complex Dynamic Systems Theory
Systems science
Mathematical and theoretical biology
Women's Health
Evolution, Politics
Molecular genetics
Organometallic Chemistry
Evolutionary psychology
Material Processing Engineering
Privacy - Code - Surveillance - Art - Hacktivism - Race - Capitalism - Anonymity
Mathematics and electronic engineering
logic, computer science, philosophy, mathematics, linguistics
Cell cycle
Astronomy  astrophysics
Agriculture
Japanese Studies
Cellular differentiation
Behavioural sciences
Development of biomimetic materials for use in investigation of immunology, inflammation and fibrosis
Euclidean geometry
Quantum optics
Business Administration, Operations Research
Nuclear physics, Accelerator physics
Industrial management
Electronics engineer
Organisational change and development, communication and sensemaking
Group therapy
Artificial intelligence
Myocardial infarction
Decision-making
Ethnobiology
I Ching
Nuclear submarine design
Statistical physics
Environmental chemistry
Gravitational lensing
Healthcare Quality and Safety, Nursing, Nurse education, Interprofessional education
Philosophy of psychiatry
Transplant Surgery
Attachment theory
Philosopher and Administrator
Forensic psychology
Hazard assessmentGeological risk
Polymers
Speech technology
Consciousness
Mātauranga Māori
Telecommunications
Theoretical astrophysics
Structural geology
Text searching
Molecular Epidemiology
Superconducting radio frequency
Mathematics, Graph Theory
Cognitive behavior therapy
C3 carbon fixation
Partial Differential Equations
Human Development, Psychology, and Cognitive Science
Formal verification
Ultrahydrophobicity
Financial systems
geriatrics, women's health and gender research
Stellar compositions, asteroids & comets
Atmospheric Chemistry
Electrical and Aerospace Engineering
Global Ecology
Botany, cryptogamology, lichenology
Affordable Housing
medicine, employment
Real analysis
Development aid
Homeopathy, botany, agriculture, law
Extreme value theory
human rights monitoring
Computational complexity theory
Nuclear strategy
Water security
Mathematical modelling
Electronic literature
Healthcare Research
Wildlife Photography
Condensed Matter Physics[Magnesium, Zinc Oxide, Solar Cells, Diamond Thin Films]
History of Eastern Europe, History of Communism
Astrology
Health
Spatial cognition
Neuropsychiatry, neuropsychology, psychanalysis, child psychiatry, sectoral psychiatry
Heart Surgery
Mycology, taxonomy, plant pathology
Virology
Southeast Asian languages
Molecular microbiology
Development economics
Egyptology
Educational research
Bone
Aquatic Ecology and Restoration
Biochemistry
Cell Biology
Neuroscience
Molecular Biophysics
Genome biology
none
Drug Delivery
entomology, agriculture
* Machine learning
* Information theory
* Coding theory
* Distributed computing
Mycologist
Weak gravitational lensing
optimization
Information Studies
Acarology
Medical statistics
Synchrotron radiation
Classical archaeologist
Healthy ageing, sarcopenia
Satellite oceanography
Translation
Speleology
Musical Interaction Design
Spoken dialog systems
Pregnancy testing
Fisheries
Plant Physiology
Agricultural economics
Science policy
Immunology, microbiology
Theoretical physics
solid state physics
Representation theory
Specialist in: Radar,
Investment management
Stylistics
Intellectual History
Romanian literature
Mathematics education, culturally responsive teaching
Medical diagnosis
Social Network
Marine Geology
Soft condensed matter
International macroeconomics
Development of heritage policies and operational guidelines
Peace movement
Superconductivity
Quantum Computing
Nanomaterials
Strength of materials
Hematology
Biomedical Engineering, Auditory sciences
Medical Physics
Anthropology of Southeast Asia
Decision science
Probability theory
Art history and archaeology
Microbial Ecology, Virology, Archaea, Bacteria, Molecular Evolution, Bioinformatics, Genome Organization, Host-Pathogen Interactions, Microbial Physiology, Infectious Diseases, Astrobiology
Nuclear power
Discrete geometry
Soils
Immunologist
Political Sciences
Ethnomedicine
Type 2 diabetes
University President
Solid-state organic chemistry
Molecular Biology
Quantum theory foundations
Probability and Stochastic Processes
Quantum key distribution
Aviation medicine
Neural development
Chemical biology
Optical communications
Natural philosophy
Management Science
Condensed Matter Physics
Cross-cultural studies
Family planning
Isotope
Human subjects protections, infectious disease epidemiology, health survey methods
genetics, rare diseases
Group theory
Internal security, law enforcement, moral policing, military reserves
Radical (chemistry)
plant geneticics
Palaeography
Mobile and Pervasive Computing
Mathematics, Operator Algebras, Operator Theory, Noncommutative Function Theory, Theory of Groupoids
Meteoritics
Pomology
Botany, Natural History
Geometry of numbers
Demography
graph theory
Historical geology
Serology
Neurosurgery
Disaster medicine
Adaptive control
Cardiovascular biology
Textiles
Biomedical Engineering
semiconductor physics, optics
Ornithology
Biomedical Signal Processing
Antibiotic resistance
Native American studies
User interface design
lichenology
Cosmochemistry
Entrepreneurial studies
Quantum gravity
Tissue engineering
materials science
spiritual and philosophical works
Zooarchaeology
Human rights
United Nations, Human rights and struggle against anti-Semitism
Physics, sonar
Set theory
Semiconductor
Chemistry education
Morphology (linguistics)
Nuclear engineering
Crystallography  geology
Cobalt
Electronic engineer
Supramolecular chemistry
Superconductors
Paleobiogeography
Commons
AKT1
Carbonates
Wildlife conservation
Semiconductors
occupational therapist
United States federal courts
Signal Processing
Phycology
Tax law
HIV medicine
Prehistory
Analysis
Botany, Taxonomy
Conservation Science
Oculoplastic
Applied Mathematics
Aeronautical Engineering
Quantum biology
Earth system science
UNESCO's Conventions
Contemporary history
s disease
Molecular
Deccan traps
Automated Reasoning
Urban planning and Governance
Volcanology
cellular immunologist
Petroleum development
molecular genetics
Physics and engineering
emergency medicine, patient safety
Eugenics
Commons-based peer production
Global poverty
Computer Music
Functional Genomics;Structural & Computational Biology
Molecular and nuclear physics
Space physics
Behavioural neuroscience
Medicine, botany
Microlensing
Nanotechnology
Boronic acids
Tribology
E-Research
Paleoceanography
Data compression
Cultural anthropology
Reputation system
Oceanography
Economic history
Seismology and astronomy
Bioorganic chemistry
HistoryMilitary historyEconomics
Jewish studies
Aesthetics and the science of art
Robot learning
Neuroscience, neuroimmunology
Psychologist
Environmental geography
Slavic studies
Recreational fear
Heritage
Biochemistry, cancer biology
Chemistry
Botany, taxonomy
Chemotherapy
Gene therapy
Physical organic chemistry
Petroleum Industry
Xenotransplantation
Colonization, Unconscious
Photothermal therapy
Sex education
Botany; Lichenology
Evolutionary Biology and Computational Biology
Algorithms, Operations Research and Artificial Intelligence for Combinatorial optimization
mathematical logic
Mathematical psychology
Nutrition science
Statistician
Reinforcement learning
Design, mechanical engineering, architecture
Reinforcement Learning
Structural engineering
Neural network
Molecular electronics
Physiological chemistry
Segmental duplication
Structural mechanics, composite material, finite elements and information science
Protein function prediction
Biochemistry, protein chemistry
Epigenetics
Electrical Engineering, Biomedical Engineering
Environmental protection
Accounting, auditing
Evolutionary biology, ecology, population genetics
Psychiatry, Schizophrenia, Bipolar Disorder, Psychosis
Neuroscience, neurology
Electron diffraction
Neonatology
Constitutional political economy
Neuroradiology
zoology, geneticist, cytologist
Cancer research
Topography
Neurocriminology
List of modern conflicts in the Middle East
Information Processing
Jewish genealogy
Remote Sensing
Information retrieval
Reputed Teacher
Creativity
Psychology of art
Pattern language;
Ancient Chinese linguistics, literature
Statistical mechanics
probability, complexity theory, information theory, cellular automata
Hypercomplex analysis
X-ray crystallography, organic chemistry, solid-state chemistry
Information Theory and Error Control Coding
Clinical health psychology
Neural engineering
Bacteriologist
Geophysical fluid dynamics
Mathematical analysis, Differential equations, Mathematical physics
Coding theory
Broadcast education, history and investigative journalism
Chronobiology
Biomolecular Interaction
Protein folding
Inventor, Physical Therapist and Nurse
Evolutionary developmental biology
Online community
The transduction of electrical signal in photorecepters in retinal
Cyber-physical systems
Pattern languages
Information Privacy
United States constitutional law
Evolutionary biology
Psycho-pathology
Special education
Weather radar
Prevention Science
Cyber Security
Nuclear materials and technology
Distributed computing
Computer supported cooperative work
Genetics
Bimanual coordination
TESOL
petrology
Environmentalism
Materials Science
Constraint programming
Outbreak Preparedness
Business economics
Enterprise application integration
pscyhology
Mathematical modeling
Cognitive development
planetary science
Cross-cultural psychology
Bioluminescence
Comparative cultural studies
Geography, exploration, navigation
Quantum flavordynamics
Complexity theory
Pharmacy, botany and phycology
genetics
Cachalote
Paediatrician
Ancient Maya ceramics
Earth and Environmental Sciences
Brown fat
Sleep disorder
Systems Informatics
Gender and education
Pharmacology
Thermoacoustics
Independent video game development
Clinical Psychology, Anxiety disorders, Cognitive behavioral therapy
Botany, ecology
Biogeochemistry
Parallel computing
Israeli literature
Sexology
Reproducibility
QSAR
HTML5
Academic and writer
Intelligent Tutoring Systems
Paleoclimatology
Personality psychology
feminist technoscience, computer ethics, critical information systems, online privacy, history of forensic science
art history
Conversation analysis
Zoologist
Computer vision
Philosophy and psychology
Developmental biology
Mycology
Stochastic processes,
Electromagnetic radiation
Microelectronics
Endocrinology, Diabetology
Social responsibility
Mathematical Modeling
Thalassotherapy
Semantic wikis
Social and Economic Studies
Metal-organic frameworks
PI-3K
Oncology
Reflective surfaces (climate engineering)
Hepatology
Wikis
Auctions
Defending human rights, diplomacy, peace, justice
Alternative education
Electrical engineer
Recommender system
Soil chemistry
Computer programming
Phytopathology and Mycology
Transport phenomena
Health Informatics
Computational quantum chemistry
Freshwater algae
Classical and celestial mechanics
Ecology, Agroecology, Natural Resources & Conservation
organic chemistry, textile chemistry
Gallium Nitride
Lepidoptera
Writing
spatial design
Vascular tissue
STEM education
Social theory
Classical archaeology
Computational and Applied Mathematics, Computational Mechanics and Physics
Cognitive Science
Cloud computing
Fu, Han Dynasty and Six Dynasties literature
Bioelectricity
Chemical physics
Biochemistry
Process Systems Engineering
Social innovation
Complex Litigation,
Inorganic and organometallic chemistry
Solid State Theory
Theory of electronic properties in strongly correlated electron systems
Theory of transport in magnetic nanostructures
Stellar observations
Investigation of torture allegations, medical and legal support for torture victims, representation of victims in court
Economics, Engineering
physics, mathematics, seismology
Experimental psychology
Cancer genetics, clinical and counselling psychology and psychiatry
Antenna (radio)
Audio engineering
Mathematics.  Combinatorics
Mathematics and sciences
Auxiliary sciences of history
Museum Studies
Experimental gravitation
Doping in sport
Immigration
Mammal classification
Cnidariology
Magnetochemistry
Environment, Energy
Engineering geology and disaster geology
Geomorphology
Computer and Systems Engineering, space science
Gravitational waves
microanalysis
Helminthology
Geologist, ophthalmologist
ecology
Engineer
Earthquake
Theorem proving
Ethics of artificial intelligence
Cancer Research
Synthetic biology
Coordination Chemistry
Pediatric Neurosurgery
Functional genomics
Analytical chemistry
Astronomy, Physics, and Geophysicist.
yes
Astronomy, cartography, theology
Service learning
Media art
Neuroscience, physiology
Chemistry, Microbiology
Criminal law
Fennic Ethnology, Ancient History of Eastern Europe
Palaeolithic
Geophysics, Biogeophysics, Tectonics
Cancer Biology
Control theory
Leftist nationalist activism
Imaging science
Leadership
Zoology, meteorology, ecology and systems ecology
Differential geometry
Chronobiology:
Circadian Functions of the SCN
Cell-based Microarrays
Biotremology
Interface and colloid science
Cultural Criticism
Analytical Biotechnology
Multimodal interaction
Spatial statistics
Continued fraction
Actinide
Condensed matter theory of real materials
Thin-Film Field-Effect Transistors
Natural language understanding
Psychiatric genetics
Metallurgist, physicist
Biological Anthropology
Forestry statistics
Corticosteroids
Austroasiatic languages
electrical engineer, spacecraft engineer, power beaming, space solar
Physician, philosopher, and philologist
Web
Ophthalmology, Vitreo-retinal surgery
Wireless network
Topology, knot theory
Media-attention, direct-appeal campaigns, mobilization, research
Plasmonics
Mobile Learning
Human Rights, Free Speech, Free Expression, Musical Advocacy
Socio-educational development, school community, prize philanthropy
Hygiene
Power engineering
Glass
Otolaryngology
History and historic preservation
Theoretical biology
Archaeological science
Middle East
Numerical computation
Medical microbiology
Radiochemistry
Gardening
DNA nanotechnology
Shipbuilding
Sociolinguistics
Experimental physics
Internal dosimetry
Child development, prevention research
Sports biomechanics, sports injury prevention, sports injury epidemiology, sports kinanthropometry
Entrepreneurship
organizer
educationist
Molecular biology
Medical physics
Medical Image Computing
Strategic management
Speech analysis
Biochemistry of secondary plant metabolites
Herpetology
Molecular and cellular biochemistry
Data science
Decomposition
Drug delivery, Tumour growth
Space science
Technology
Chemical thermodynamics
Clinical chemistry
history
Chinese history , Art history, Women's studies
Orthopedic surgery
Health Care
Human behavior
Mineralogy and Crystallography
Accessibility
Aviation
Electrophysiology
Physics, Condensed Matter
Plant Biology
Structural Virology
High Energy Physics
Electric Industry
Bayesian statistics
Reproductive biology
Physicist and electronic engineer
Santos Basin
American History
Biocatalysis
Toxicology, oscillating chemical reactions
Microbial ecology
comparative psychology,
Chronic fatigue syndrome
ATLAS experiment
Dynamical Systems,
XML
Proteomics
Psycholinguistics
Control Engineering
Enhancer (genetics)
Design
Plant virology
College president, electrical engineer
Social Psychology
Mobile Robotics
Paediatrics
Oncogenes
Neurogastroenterology
Surreal humor
hospitals; entomology; folklore
Biogeochemistry and Climate Studies
Neurotheology
Salmonella typhimurium infection
Digital Innovation
obstetric and gynaecology
Planetary science with volcanology minor
Agricultural scientist
Infertility
Ascidian zoology
Genomics, Minority Health, Nursing Science
Medical mycology
Cell signaling, DNA synthesis
Analysis of variance
Popular culture
Complex geometry
Low energy nuclear physics, Mössbauer spectrometry
Network Science
Synthetic Inorganic Chemistry
History of Ukraine
General relativity and mathematical physics
Buddhism
Cetacean biology
Structural Engineering
Philosophy of science, evolution, criticisms of creationism
X-ray astronomy
General chemistry and pharmacy
Medicine, chemistry
Sex therapy
Arecaceae
Political economics
Chemical physicsElectrochemistry
Geneticist
Von Neumann algebras, knot polynomials, conformal field theory
Behavioral neuroscience
Language and gender
Rail Transport
Medicine
Stem cell research
Cancer Registry
Genetic epidemiology
Legal advocacy, Media attention, direct-appeal campaigns, research, lobbying
Entrepreneur
Oil: Shaybah, Ramlah
Chemistry, physics, theoretical chemistry
Philosophy of physics
Numerical Analysis and Dynamical systems
Classical philology
biochemist
Nuclear Engineering
Image processing
Radiation
Acoustics
U.S. foreign policy
Psychiatric epidemiology
Micromechanics
International Relations
Wireless communications
Hydrogeology
Semantics
Critical Race Theory
Conflict Management
Recycling
Micropaleontology
Speciation
Neuroplasticity
Asian American studies
Natural sciences
Superconducting quantum computing
Philanthropy
Climate Policy and Politics
scholar
Geology, Hydro Geology, Political Commentary
Economist
computer scientist
Paleoanthropology, Evolutionary Biology
Neuroscience, genetics, immunology
entomology
Geometric combinatorics
Hominin paleontologist
Paediatrics and perinatal biology
Humanitarian
Zoology and biology
Soil science
Church history
Civil Procedure
Hydro-power Development
Game design
Advocacy, Media attention, Direct-action campaigns, Coalition & movement building
Everyday life
Semiconductor physics
Biophysical chemistry
Carbon Sequestration
Computable Economics
Obstetrics
Lymphoma
Pragmatics
Tamil Eelam Struggle, Tamil Nationalism, Human Rights Protection, Rationalism, Communism, Environmentalism
Participatory management
Operations security
Chess
Pediatrics
Nanotribology
Genome organization
Behavioral Medicine for Pain
Nutrition Engineering
Chemistry, especially silicon, silenes, siloxane, organolithium compounds
Healthcare Law
East Asia
Chemistry of oils and fats
History of science
Biodiversity
Anaerobic organism
Social policy
Toxicology
physical oceanography
Neurodegeneration
Logic, algebra
Namibian archaeology
Federalism
Human rights in China
Hippo signaling pathway
Nursing and religion
Electrodynamics
Africana studies
Neuromarketing
Asteroseismology
Entomology, psychology, children's literature
Experimental nuclear physics
Electrical engineering, computer science
Stochastic processes
Biogeography
World Wide Web
Aeronautical engineering
Archaeologist
Nanochemistry
Family law
Archaeology
Enterprise Software
El Tordillo Field
Cell biology, cancer research
Bioremediation
Human Mutation
Mineral deficiencies
obstetrician and gynecologist
Biology, crystallography
Computer science and engineering
Functional analysis
Comparative Literature
Antibiotics
Human factors and ergonomics
Tropical conservation biology
Paleontologist
Wireless and Sensor Networks
Planetary atmospheres
Low-dimensional topology
Phase diagram
Geochemistry
Numerical relativity
Health physics
Political economy
Feminist legal theory
Mobile Music
Mathematical economics
History of linguistics
Microbial Oceanography
Medical genetics
Sociology of law
linguistics, social and cultural theory, moral philosophy, sociology, visual communication, discourse analysis
Libraries
GYN
Behavioral neuroscience, biophysics and neuroscience
German studies
Race (human classification)
ESCRT
Ethnology
Quantitative psychology
Kinetic resolution
Industrial and organizational psychology
Microwave remote sensing
Microfluidics
Psychoacoustics
Multi-agent system
Tumor immunology
Otorhinolaryngology
Control Theory, Decentralized Systems, Networks, Discrete Event Systems
Marketing
Forensic anthropology
Demographics
Molecular sensors
Tephrochronology
Computational linguistics
Inorganic Chemistry
Chronology
Densitometry
the Holocaust
Classical studies
Viral Oncology
Spacecraft
Family medicine
Army ant biology
Systems biology
Neural networks
Energy Politics
writer
Political Science and Leadership Values
Pediatric hematology
Development Engineering
Mathematics, Physics
Ichthyology, limnology, and ecology
Industrial design and Engineering
Food science
Marxism
History of Ecology, Environmental Science, Ecological Architecture and Design, Philosophy
Combinatorial game theory
Physics and astronomy
Librarian
Engineering, physics, and geophysics
Construction
Activism
languages, literatures
Aerodynamics
Epidemiology and Infectious Diseases
Philosopher
Longevity
Social psychiatry
Diagnostic oral pathology
Diglcyeride
Organometallic chemistry
Operating system design
Hydrology and geology
Neuroscientist
Theoretical physics, history of science
Chinese poetry
Social liberalism
Neuroscience specializing in women's health
Aristocrat and botanist
Extragalactic astronomy
Neuroscience and Neuroendocrinology
robotics, micro-robotics and high precision mechanisms.
International race politics
Biologist
Historian
Theoretical chemistry, computational quantum chemistry
Structure of algebraic groups
Environmental microbiology
X-ray microscopy
Communication and Media Sciences
Probability
Computational musicology
Reaction dynamics
Separation Engineering
Protein science
geology, paleontology
Nurse
Applied Game Theory
High-Performance Computing
physicist, Radiophysics, explosion physics, math modeling, protection of information
agronomy, botany
Evolutionary Biologist
Learning
Glaciology
Latin literature
Journalism
Art history
Gas: Kidan
Human Computer Interaction
Polar microbial diversity
Malaria
Educational technology
forest industry
Neurology
Issues in Russian and Eurasian Security, ethnopolitical conflicts in the Caucasus
Visual impairment
Men's rights, domestic violence
Photographer
composer-cum-poet
Genetics, aging
Biologist
Stem cell
Transportation
Film theorist
Robotics, electronic engineering, health psychology
Continued fractions
Human security
Anthropology, Archaeology
Phytopathology
Juvenile delinquency
Cultural psychology
Pathologist, physician
Neuroimmunology
Mathematical model
Upanishads
Human Rights and International Justice
Physiological ecology
Communication Studies
Fatigue (material)
Veterinary pathology
Orthopaedics
Molecular ecology
Radar Interferometry
Synesthesia
Vertebrate Paleontology
Sequence analysis
Number theory
Cardiovascular epidemiologist
Algorithmic bias
Zinc Nutrition, Metabolism and Physiology, Molecular Biology, Nutritional Biochemistry
cybernetics, psychology, brief therapy, radical constructivism,  Systems theory, ecstatic healing traditions
Antenna theory
Mathematics; navigation; cartography
History of books and publishing
Permaculture, agriculture
Vascular Biology
Soil constitutive modelling
Theoretical particle physics, gauge theories, gravity, and string theory.
Sociology, Ethnographic method in Sociology
marine biotechnology
Geophysics/Geology
Turkish studies
Drug policy
Sociology, demographics, statistics
* teaching
* mycology
Conservation Biology
Quantum chromodynamics
Diet (nutrition)
Classical nucleation theory
Classical scholar, archaeologist and naturalist
Geopolitics
Social simulation
Big Data
Humor studies
Biopolitics
Cognitive and developmental psychology
DNA annotation
comparative literature
Anatomist
Pharmacy
Permian Basin (North America)
Quaternary science
Computer Vision
Watercolor
Astroparticle physics
Biotechnology
photochemistry and solar energy conversion
Complex analysis
Cognitive Neuroscience
Geodynamic
Computing
Ultrafast optics
General Surgery
Service science, management and engineering;
High energy physics
Psychiatry, bipolar disorder, neuroscience
Health research
Phylogenesis
Malware
Malnutrition
Informatics (academic field)
Argumentation
Fashion
Physics of magnetism and magnetic materials
Executive functions
Femtochemistry
Experimental biology
Atmospheric chemistry
Centromere
HIV
Quantum mechanics
Chemistry and Biochemistry
Civic technology
Agricultural Science
Pharmacognosy and Pharmacology
Ottoman studies
Military technological sciences
Astronomy
Geography
Allergy
Contract Law
Science policy and diplomacy
Anti-nuclear movement
Rare Event Dynamics
Marine Biology
Chemical Oceanography
Aerospace
Mathematical psychology, Dyslexia and Speech science
Ancient Philosophy
Natural philosophy, chemistry, botany, agriculture, history.
Biology, Microbiology, Oceanography
Plant evolution
Bioinformatics
Photovoltaics
Plant Science
Geochemistry, cosmochemistry
Repatriation and Restitution of Human Remains and Heritage Objects
Membrane proteins
political science
Organic chemistry
Medical Technology
Physical fitness
Nonlinear Systems
Homogeneous catalysis
Systems Thinking
speaker
Judaism
Cytoskeleton
Magnetism
Structural biology
Human biology
Cancer immunology
Geology, Palaeontology
Constitutional law
Weather satellite
Epigenomics, developmental biology and cancer
Biochemistry, Immunology, Molecular Biology
Equine Science
Hydrologist
Ecosystem Ecology, Biogeochemistry
Finance
Superconductivity
Sociology, feminist studies, media studies
Management and Organization
Arts and culture
Plasma (physics)
Experimental mathematics
Pharmaceutical marketing
Communication Pathology, 
Audiology.
Structural biology, cancer
Mathematics and physics
Quantum thermodynamics
Air pollution
Peace Negotiations, Post-Conflict Constitutions, War Crimes Prosecution
Restoration ecology
Hyperbolic geometry
Supply chain management
Electron backscatter diffraction
Malacology, Natural History
Nonviolent revolution
Paleobotany
Vaccines
psychiatry
Veterinary medicine
Information architecture
Alternatives to animal testing
Viticulture
Radio astronomy
Algebraic number theory
Cell Process Dynamics
Mathematics education
Graphene, sustainable chemistry, soft materials
Behavioural science
urban and migration sociology
Foams
Analysis and Combinatorics
Nursing education
Laser science
Islam
condensed matter physics
Author
Infectious Diseases
information theory, computer science
Islamic and Western philosophy
Accounting
Orbital angular momentum of light
Lattice field theory
Mathematics, Mechanics
Stem Cell Bioengineering
Evolution
Automotive Engineering
Ecology and Evolutionary Biology
IDPs
Ethnic Studies
Security engineering
Satellite design, aerospace engineering
C4 carbon fixation
Pacific Studies
Cloning
Behavioral science
reproductive physiology
solid-state physics
Geology, Material Sciences
Childhood Onset Schizophrenia
Schools, colleges, universities
Planetary Science
Art History, Conservation
Education in Africa
Atmospheric physics
Biogerontology
Counseling psychology
Bioengineering, synthetic biology, technology
endocrinology and metabolism
Political philosophy
Neurobiology
American history
Soil microbiology
Complex diseases
Physical chemistry of surfaces and colloids
Chinese linguistics, history
Czech studies and Slavistics
Sociology and anthropology
Neurogenetics
Law, Economics
Mathematics, Computer Science, Astronomy
Stochastic Hydrogeology
Adolescent medicine
History of the Southern United States
Biosensing
Organizational behavior
Ethnopharmacology
Control engineering
Plant physiology
Alternative medicine
Regional economics
Vegetation
pioneer in the aluminum industry, numismatics, conchology
Atmospheric Chemistry, Marine Chemistry,
Mathematical physics, tessellations
Disease outbreak
Fisheries Biologist, Conservationist
molecular basis of vertebrate fertilisation
Philosophy
Dementia
Computer science, programming, computer chess
Papyrology
Ontology
atomic physics
physico-mathematics
Slavery; Old South
Aeromotor
Volcanic ash
Evidence
Biomedical engineer
Prejudice and conflict resolution
Ringworm treatment
Biomedical engineering
Electron crystallography
Neuroproteomics
Quantum Optics
Nitrogen
Otology
Feminism
Nitrogenase
History, musicology
Software engineering
New Zealand history
Archaeology, Prehistory of the Pacific
Aerospace mechanism
Ecological economics
Cardiovascular medicine and genetics
Second Language Acquisition
Mitochondria
Military surgery
History, Archaeology and Culture of Russia in Middle Ages , Old Rus, Ethnography of North and East Europe
Landscape design
History of mathematics
Sport management
Hydraulic engineering
Energy landscapes
Mathematics, meteorology and computer science
Vestibular system
Czech studies
Historical demography of Austria
physical chemistry
Animal consciousness
Geometric analysis
Fluorescence microscope
Metamaterials
Lebesgue integration
* Pathology
* Bacteriology
Cellular biology, molecular biology, immunology
PIKK
Chairman, Union Public Service Commission, India, academic, author, historian,
Behavioral genetics
Plant pathology
Physics,Applied physics,Experimental physics
Tectonics
Exoplanets
educator
Nanobiotechnology
Zoology, wildlife conservation
Electric propulsion
Petrology
Development biology
Transcriptomics
Medicine, Biotechnology, Organ-on-a-chip technology, antibody production
Discrete mathematics
Rocket propulsion
Plant Ecology
Radioactivity
Ornithology, evolutionary biology
Palynology
Pulse accelerator
Nuclear magnetic resonance spectroscopy
Network science
Speech and voice research
History of architecture
Sociology of gender
gene expression in development, transcription
Respiratory medicine
Geographic information science
Generative semantics
Mathematics and Control theory
Cheminformatics
Statistical Mechanics
Burra Burra Mine (Tennessee)
Social movements
Neural Computation
History of Myanmar
Multi-genre
Arachnology
Experimental high energy particle physics
Energy security
Recommender Systems
Palaeoanthropology
Entomology, tropical medicine, and sanitation
Operator Algebras
Fatigue
Chemistry and pharmacology
Software modelling of biological systems
Complex systems
Conservation biology
Urban studies
Infectious diseases
Theologian and natural philosopher
History of Ancient Greece
Private law
Numerical Analysis
Feminist Approaches to Bioethics
Radiology
Cryptanalysis
Protein evolution
Scripps College
Geologist, Naturalist
Gene regulation
Cynology
Radiation epidemiology
Electronic engineer and physicist
Special Education
Markov chain Monte Carlo
Maritime history
Mathematics and Meteorology
Cardiology
Citizen Science
Gravity
Pharmacology, physiology, and sports medicine
Electrical engineering
Religion and ecology
Visual artist, art teacher
Sonar
geophysics
Optometry
Non-Newtonian fluid
Ophthalmology, Neuroscience
Frictional contact mechanics
R (programming language)
Computational Physics
Psychology
Physician, assistant surgeon
Lie algebras
Materials science
Criminal Law
Crystallography
Fluid Mechanics
Legal history
Education, Psychometrics, Quantitative Methods
Physiology and parasitology
Pteridology
Geochronology
Child psychiatry
Visual arts
Phylogeny and phylogeography of plants
Educational psychology
Sustainable development goals:
* 1: No poverty
* 3: Good health and well-being for people
* 5: Gender equality
* 6: Clean water & sanitation
* 8: Decent work and economic growth
* 11: Sustainable cities and communities
* 13: Climate action
* 17: Partnerships for the goals
Stochastic programming
Mycology, plant pathology
Lithics
Haematology
Infectious Diseases, Microbiology, Immunology, Cell Biology, Vaccine Development
Geologist and Ethnologist
Quantum information
Representation Theory
Computer-assisted instruction
Semiconductor physics, Modeling of processes in multicomponent crystals
Speech technique,
Planetary astronomy
Lichenology
Theoretical astronomy
Public international law
Orthogonal functions
1970.0
Persian literature
Emotion
RNA processing
Pathology, anatomy
Earth Sciences
Chemistry , materials science
Electronics Engineering, ICT, Engineering Education
Molecular biology, cancer research
Zoology, biochemistry, seasonal breeding and clocks in birds and mammals
Dyslexia research
Energy Technology
Protection engineering
Human-Computer Interaction
Music
Olfaction
Structural integrity and failure
Government Administration
Genome engineering, Bioengineering, Microbiome, Microbiology, Nanotechnology, Microbiome Agriculture, Synthetic Biology
Nuclear Magnetic Resonance
CS+Music Education
Literacy education, classroom interaction and quantitative and qualitative research methods
Material Science and Engineering
Computer science education, computer music and text compression
Plant disease resistance
Musicology
Quality Management, Radio Engineering
Organoids
Biocultural theory
Shell (structure)
Intensive care medicine
Business Administration
Time-resolved optical spectroscopy
Mathematical physics
Atomic theory
Spectroscopy
Muslim History 
Muslim Culture
theoretical physics
Psychoneuroimmunology
Botany; Phycology; Toxic algae and water quality
Computational Geometry
Inclusive Education
Botany.
Corporate Strategy, entrepreneurship, innovation, international management, competition policy
Microbiology of polar extremophiles
Diplomatics
Sudden infant death syndrome and breathing problems in babies and children
History of medicine
Technology clusters and social networks in Silicon Valley
Ethics
organic chemistry
radiation oncology
Molecular engineering
Mobile Robotics, Drones, Computer vision
Quasiconformal mapping
Condensed matter experiment
Hematologic malignancies
Social norms, networks and influence
International relations, peace and conflict studies, government and institutions, technology and international affairs, regional political economy, climate and energy
Ethnobotany
Botany, zoology
Psychosocial & psychiatric rehabilitation
Neurobiologist
Computer physics
Online communities
integral equations
Knowledge engineering and human-machine collectives
Social and economic history of the Middle Ages
Public broadcasting
Clinical pharmacy
Social choice theory
Ancient DNA
Memory, Olfactory Senses
Biomedical Engineering, Chemical Engineering
Distance learning
Human Sexuality
Exposome
Water Management
Motivation in second-language learning
Gynaecology
Advocating democratic world federation
Philosophy, sociology, anthropology, Indology
Cultural history
Glycobiology
Primatologist, ethologist
Star formation
Nuclear disarmament
Computational electromagnetics
Broadcaster
Biocontainment
Entomology, scientific illustration
Media Arts & Sciences
Neurochemistry
Natural resources
Biostatistics
Obesity
Speech-language pathology
Public engagement
Idealism
Computer engineering
Computational mechanics
Nanomaterials
Model theory
Electrochemistry
Microeconomics
Psychiatric and mental health nursing
Applied electromagnetics
Indo-European studies
Youth Representation
-Logic
-Philosophy
-Computer Science
Polymers, Solar Energy
Agronomist
Cancer genomics
Politics, national security, Afghanistan
Statistics, genetics, and evolutionary biology
nuclear physics, astrophysics
Soft error
Cardiology, Electrophysiology, Pharmacology, Genetics
physics
Kildin Sami language
Orchidology
Logic
Environmental Sciences
Tissue Engineering
Solid State Physics
Statistics and Mathematics
Migraine
Invertebrate biology
Computational Science
Anarchist movement
Biochemistry of heme proteins
Cell Biology
Geoarchaeology
Cardiovascular medicine
Environmental movement
Ecohydrology
Oriental studies
Astronomy, astrophysics
Sanskrit
ichthyology, and medieval and modern armor
Theoretical Physics, General Relativity, Quantum Gravity
Political geography
Digital currency
Heuristic search
Archaeology & anthropology of indigenous peoples of Colombia
Social anthropology
Medicine, Pathology
Organizational theory
Solid-State and Molecular physics; Laser science and Quantum Optics; Stochastic processes in Chemical physics
Monetary economics
nuclear power engineering
Adaptive management
Linear elasticity
Particle physics
Physician and Tropical medicine specialist
Paleoanthropology
Single cell genomics
American literature
Limology
Photodissociation
Agriculture, soil fertility, crop nutrition, organic matter
experimental psychology
Tort law
Biology, TV presenter, research
Disaster Research
Computer science
Infection
Social computing
Psychiatry, psychotherapy, psychology, philosophy
Microplastics
Learning sciences
Literary Darwinism
Lichens
Virtual management
Global warming, Well-being, Humanitarian challenges
Distributed Systems
Cardiology and Vascular biology
Media studies
Biostratigraphy
Chaos Theory
Military engineering sciences
Systems science;
Granular material
Radio propagation
Nonlinear optics
Synthetic organic chemistry
Scientific workflow systems
Chronobiology, Circadian Rhythms
Time series
Peace negotiation
Missile
Art History
Engineering Education
Plant biology and biochemistry
Sea level change
Aeronomy
Asian studies
Sulphate reducing bacteria
Elementary particles
Intellectual History of China
Paleontology, Science Communication
Doppler radar
Electroweak Physics
Moral psychology
Postural orthostatic tachycardia syndrome
Complex Systems
International relations
Comparative genomics
polymer chemistry
Civil conflict
Perovskite solar cell
Radiobiology
International Finance
Autonomic nervous system
Thermo-mechanical fatigue
Natural history
Mesenchymal stem cells
History of physics
Stroke recovery
X-ray physics
Emergency medicine
Experimental evolution
Biofuels
Microbial genetics
Green chemistry
Naturalist
National Security Law of the United States
Forensic Psychology
Codon usage
Attention management
Politic
Life Sciences
Information science
Atmospheric Physics
Discontinuous group
Radio astronomer
Approximation theory
Behavioral pharmacology
Cytology, phycology, lichenology
Cancer epidemiology
Biomedical imaging
Seismotectonics, paleoseismology, active tectonics
Ichthyology
Antibiotic biosynthesis
Cultural studies
Soft condensed-matter
Free software development
Statistics
Game theory
Policy analysis
Cañadón León Field
Medieval
Applied mathematics
Medicine and Otolaryngology
Mathematical Modeling of Physical Systems
World Systems Theory
Microbiology, mycoplasma, multidrug-resistant tuberculosis
Geology, Surveying, Cartography, valuation
Culture, transfer of knowledge and ethno-education
Physiology, psychoendocrinology, neuropsychiatry
Protein kinase C
Process engineering
Consumer Behaviour
Badejo Field
and ethnohistory
Astrophysics and astronomy
Sustainable development
Physiology, medicine
Financial engineering
Internet of things
Systematics
Mathematical analysis
Information Management
Discrete Gravity
Physiology
Rock art, Archaeology
Baháʼí studies
Business
Analytical Chemistry, Metabolomics
Face perception
Agent-based modelling
Medieval history
Criminal justice
Electronic engineering
Information Systems
Caspian Sea
Environmental health sciences, epigenetics, and computational epigenomics
Cybersecurity
Auditory sciences
Quantum Chemistry
Inorganic chemistry
Pharmacology, Drug Development
TESS
Linear algebra
Physics, biology
Philosophy of science
American studies
Standard Model
Criminology
Natural products chemistry
data mining
Water conservation
Potential theory
Functional materials
Molecular neurobiology
Astrophysicist
Gastroenterology
Molecular biophysics
Density functional theory
History of ancient Rome
Rice
Organic Chemistry
Taxonomy (biology)
Nutrition
@en
Nanoparticle drug delivery
Wearable technologies
Culture of Ireland
Carbohydrate Biochemistry
Experimental Anatomy
Ethologist
Materials engineering
Educational Game Design
Citizen science
Botany, plant systematics
Systems engineering;
Ship ownership
Rock Art Research
Mycologist and entomologist
Chemical ecology
Physics and Mathematics
Condition monitoring
Music education
Cloud Computing
mechanical computer design & discrete logarithms ; Accountancy
Social and Experimental Psychology
Heterocyclic Chemistry
Psychoanalysis
Surgery
Passive optical networking
Composition Studies
Education, E- Learning, Digital Education
Pulp and papermaking
Parasitology
Ornithologist, entomologist
Aerosol Science
Membrane Engineering
Cell biology, Molecular biology
superconductivity, quantum liquids and solids, surface phenomena and magnetism
historical, geopolitical, geographical strategic studies
Archaeology, Art history
Quantum cryptography
Partial differential equations
Marine Science and Ocean Studies
Water Resources
s rights
Invention
Econophysics
Radio-frequency engineering
Medical Genetics
Catalytic oxidation
Indology
Cave art
Computational design
Media attention, advocacy, research, activism
Tropical medicine
Unified field theory
law enforcement
Algebraic Geometry and Nonlinear Algebra
CT imaging
Medical imaging
Digital Signal and Image Processing
Several complex variables
Physics instrumentation
Geometry
sociology, political sciences
Heterogeneous catalysis
Endocrinology and immunology
Functional Analysis
Legal studies
Venom
Sedimentary petrology
Plate Tectonics
Priest and entomologist
Mathematics statistics
Plasma physics
lichenology; businessman
Experimental pathology
Radar Astronomy
History, History of Humanities, Rare book studies
X-ray monochromatization
North American history
Paleomagnetism
Conservation movement
History of Chile
Public Policy
Ions
Botany and horticulture
Electron microscopy
Documentary films
Self-incompatibility
Environmental history
Cancer and bone genetics, AI and machine learning
Technology Policy
Micrometeorology
Quantum electrodynamics
Ordinary differential equations
Phonology
Mammalogy
Christian Missionary Outreach
Crystalline molecular machines
Tang dynasty
Instrumentation and control engineering
Rock mechanics
Blockchain
Randomized and probabilistic algorithms, Communication networks, Natural language processing
Anthropology
Statistical data analysis in astrophysics
Paleoclimatology, Paleoceanography
Cybernetics
Civil procedure
Chinese literature
Protists
Climate Science
Phonetics
History of China
mass spectrometry
Physiological psychology
Hematology, retrovirology
General Linguistics
Ethnography
economist
Integrable Systems
Antarctic Geology
Transuranic elements
Alcoholism
Aerospace engineer
Neurology, neuroscience
Human computer interaction
Botany and Ecology
Ornithology, Mammalogy, Natural History
Geobiology
Metabolic epidemiology, nutrition
forest products, engineering
Artist
Veterinary science
Traumatic brain injury
Statistical genetics
African American Studies
Maritime studies
Optics
Major depressive disorder
Environmental engineering
Scientometrics
marine zoology
Health economics
Physical oceanography
Theoretical and observational astrophysics
Spatial sound
Plant Sciences
Organic electronics
cross-cultural communal issues, interfaith issues, peace-building in the Holy Land
Marxist historiography
Gynecology
Bioarchaeology
Radiolocation
Robotics, Artificial Intelligence
Geosciences and VLF Electromagnetic radiation
Operator algebras
Cybernetics, Mathematics
Biomarkers
Humanitarian aid
Drug discovery
Computer science  Computer Security  Cyber Security  Privacy  Network security  Databases  Distributed Systems  Mathematics  Algebraic Topology
Nuclear reactors
Particle Physics
Imaging neuroscience, Physics, MRI technology, Social Anthropology, Neuroanthropology
Physics, gas phase ion chemistry
Biological Physics
Chinese translation
Harmonic analysis (mathematics)
Milkwoman
Innovation
Plasticity (physics)
Engineering physics
Tropical Botany
Phylogeography
Philately
Natural product
Inverse Modeling
marine pollution, marine natural products, petroleum geochemistry, and how scientists interact beyond their peer group
Dentistry
Calculus of Variations
Carbon
Mathematical morphology
Physics
Bacteriology
Soft Matter
radiobiology, embryology
Machine learning
Astrochemistry
Immunology, Translational medicine
Quaternary and Prehistory
Clinical supervision
Arts, Community, Education, Environment, Faith, Health, Museums & Heritage, Welfare and Youth
Trends and projections of population development
Polymer Chemistry
Astrophotonics
International Business
Entomologist
Asymmetric catalysis
Theoretical physics, many body physics, ultracold atoms, optical lattices, quantum fluid dynamics
Galaxy Formation and Evolution
mathematician, surveyor
Digital health
immunology
Gestalt Psychology
Marketing, Consumer Research
ecosystem ecology, biogeochemistry, nutrient cycling
Dermatology
Numerical linear algebra
Fusion energy
Assyriology
History of Latvia
Anatomy
astronomy
International Studies
Integrated assessment modeling
Cerebrovascular & endovascular neurosurgery
circuit design, signal processing, cochlear implant design
Democracy
Heat Transfer
Numeracy
Intellectual property law
Science education
Neuroscience, psychiatry
International development
Risk
Refugees
Inflammatory diseases
Metallurgical engineer
Computational physics
PHLPP
Polymer chemist
Emerging Markets
Theology
*Biomedical research
*Medical education
*Health care delivery
Fluid dynamics
Agrostology
Environmental Law & Rights of indigenous peoples of Colombia
forensic ornithology
Biophysics
Herbalism
Biomedical science
Microscopy
Magnetic resonance imaging
Distributed systems
Design of experiments
Histochemistry
Climatology
Protein structure comparison
Open research
Neuropsychiatry
Nuclear Physics
History of Zimbabwe
Paleontology and Archeology
Quantum foundations
Personal information manager
Chinese philosophy
History of botany
Materials science and engineering
Cognitive aging
Wetland
Obsessive Compulsive Disorder
Recreational mathematics
Canon law
History of economic thought
Roncador Field
Palaeoclimate
Hedgehog signaling pathway
Sedimentary and global geochemistry
Developmental Biology
Education economics
Molecular biologist
Cognitive psychology
Invertebrate Zoology
algebraic topology
Applied anthropology
Methodology
Developmental psychology
botany
Computer Science
Natural Pharmaceutical Chemistry
Anthropologist
Gravitational physics
Computer science  data science
Ion channels
Electrical Engineering, Electrical Power System
physical cosmology
Nanomedicine
Microgravity
CRISPR
mutagenesis and DNA repair and genetics
Mitochondrial medicine, molecular and medical genetics, biochemical genetics, inborn errors of metabolism, metabolomics, virology, immunology, ecosystem biology, environmental medicine
Astrobiology
Data Management
Mathematics, Linguistics
Organofluorine chemistry
Veterinary anatomy, veterinary education
multivariable calculus, signal processing
Semiconductor device
Historiography
Information Theory
Molecular physics
Planetary geology
Basin analysis
Optical engineering
theory and practice of translation and Malayalam studies
Public Management
Marine ecology
Cluster theory
Data Mining
Critical discourse analysis
Community Development
Economic growth
Myrtaceae
civil engineer of mines
Stratigraphy
Drug design
Medical research
African philosophy
Literature
Biology, Cardiology
Pattern recognition
Sociology, women's studies
Deep Learning
Bioreactor
Global change
Stem cells
Astronomy, cartography, navigation and mathematics
Communications standards
parasitology
Bioprinting
sociology
Planetary sciences
Engineering
Smoking cessation
Databases
Solid state reaction mechanisms
Computational Modeling
Aerobiology
Dark energy
Protistology
non-linear physics, traffic and transportation science
Byzantine studies
Evolutionary medicine
Photoelasticity
Management
Hydrology
Youth Empowerment
Conformal Field Theory
Sensor networks
Cluster chemistry
Quantum information science
Cultural theory
Narayana Guru